date,trade_count,turnover,commission,trading_pnl,holding_pnl,total_pnl,net_pnl
2023-07-03,0,0.0,0.0,0.0,0.0,0.0,0.0
2023-07-04,0,0.0,0.0,0.0,0.0,0.0,0.0
2023-07-05,0,0.0,0.0,0.0,0.0,0.0,0.0
2023-07-06,0,0.0,0.0,0.0,0.0,0.0,0.0
2023-07-07,0,0.0,0.0,0.0,0.0,0.0,0.0
2023-07-10,0,0.0,0.0,0.0,0.0,0.0,0.0
2023-07-11,0,0.0,0.0,0.0,0.0,0.0,0.0
2023-07-12,0,0.0,0.0,0.0,0.0,0.0,0.0
2023-07-13,0,0.0,0.0,0.0,0.0,0.0,0.0
2023-07-14,0,0.0,0.0,0.0,0.0,0.0,0.0
2023-07-17,0,0.0,0.0,0.0,0.0,0.0,0.0
2023-07-18,0,0.0,0.0,0.0,0.0,0.0,0.0
2023-07-19,0,0.0,0.0,0.0,0.0,0.0,0.0
2023-07-20,0,0.0,0.0,0.0,0.0,0.0,0.0
2023-07-21,1,967860.0,96.786,-4550.397812556021,0.0,-4550.397812556021,-4647.183812556021
2023-07-24,0,0.0,0.0,0.0,-27913.76138804554,-27913.76138804554,-27913.76138804554
2023-07-25,0,0.0,0.0,0.0,18799.063791949084,18799.063791949084,18799.063791949084
2023-07-26,0,0.0,0.0,0.0,21647.406790729066,21647.406790729066,21647.406790729066
2023-07-27,0,0.0,0.0,0.0,3987.680198292146,3987.680198292146,3987.680198292146
2023-07-28,0,0.0,0.0,0.0,-20508.06959121707,-20508.06959121707,-20508.06959121707
2023-07-31,0,0.0,0.0,0.0,19368.73239170508,19368.73239170508,19368.73239170508
2023-08-01,0,0.0,0.0,0.0,57536.52857535872,57536.52857535872,57536.52857535872
2023-08-02,0,0.0,0.0,0.0,-3418.01159853615,-3418.01159853615,-3418.01159853615
2023-08-03,0,0.0,0.0,0.0,-1709.0057992679886,-1709.0057992679886,-1709.0057992679886
2023-08-04,0,0.0,0.0,0.0,22786.743990241055,22786.743990241055,22786.743990241055
2023-08-07,0,0.0,0.0,0.0,-10254.03479560845,-10254.03479560845,-10254.03479560845
2023-08-08,0,0.0,0.0,0.0,-13102.377794388603,-13102.377794388603,-13102.377794388603
2023-08-09,0,0.0,0.0,0.0,-6266.354597316476,-6266.354597316476,-6266.354597316476
2023-08-10,0,0.0,0.0,0.0,-2278.6743990239847,-2278.6743990239847,-2278.6743990239847
2023-08-11,0,0.0,0.0,0.0,13672.0463941446,13672.0463941446,13672.0463941446
2023-08-14,0,0.0,0.0,0.0,-7816.28312730345,-7816.28312730345,-7816.28312730345
2023-08-15,1,1027841.231229156,102.7841231229156,10421.71083629055,-10421.71083629055,0.0,-102.7841231229156
2023-08-16,0,0.0,0.0,0.0,0.0,0.0,0.0
2023-08-17,0,0.0,0.0,0.0,0.0,0.0,0.0
2023-08-18,0,0.0,0.0,0.0,0.0,0.0,0.0
2023-08-21,0,0.0,0.0,0.0,0.0,0.0,0.0
2023-08-22,0,0.0,0.0,0.0,0.0,0.0,0.0
2023-08-23,1,995760.0,99.57600000000001,2667.3236714675295,0.0,2667.3236714675295,2567.7476714675295
2023-08-24,0,0.0,0.0,0.0,-1851.2249511830669,-1851.2249511830669,-1851.2249511830669
2023-08-25,0,0.0,0.0,0.0,1851.2249511830669,1851.2249511830669,1851.2249511830669
2023-08-28,0,0.0,0.0,0.0,-28385.449251475493,-28385.449251475493,-28385.449251475493
2023-08-29,1,970658.9494037197,97.06589494037198,-3085.3749186386085,3702.4499023662975,617.074983727689,520.009088787317
2023-08-30,0,0.0,0.0,0.0,0.0,0.0,0.0
2023-08-31,0,0.0,0.0,0.0,0.0,0.0,0.0
2023-09-01,1,970240.0,97.024,23662.107124130853,0.0,23662.107124130853,23565.08312413085
2023-09-04,0,0.0,0.0,0.0,-35104.710185399745,-35104.710185399745,-35104.710185399745
2023-09-05,0,0.0,0.0,0.0,4936.599869821948,4936.599869821948,4936.599869821948
2023-09-06,0,0.0,0.0,0.0,12067.24412623109,12067.24412623109,12067.24412623109
2023-09-07,0,0.0,0.0,0.0,-18649.37728599354,-18649.37728599354,-18649.37728599354
2023-09-08,0,0.0,0.0,0.0,-30716.621412224922,-30716.621412224922,-30716.621412224922
2023-09-11,0,0.0,0.0,0.0,32362.154702165426,32362.154702165426,32362.154702165426
2023-09-12,0,0.0,0.0,0.0,10421.710836290586,10421.710836290586,10421.710836290586
2023-09-13,0,0.0,0.0,0.0,-39492.79895857471,-39492.79895857471,-39492.79895857471
2023-09-14,0,0.0,0.0,0.0,10421.710836290586,10421.710836290586,10421.710836290586
2023-09-15,1,946730.1528125,94.67301528125,10421.710836290586,-3839.5776765281335,6582.133159762452,6487.460144481202
2023-09-18,0,0.0,0.0,0.0,0.0,0.0,0.0
2023-09-19,0,0.0,0.0,0.0,0.0,0.0,0.0
2023-09-20,0,0.0,0.0,0.0,0.0,0.0,0.0
2023-09-21,0,0.0,0.0,0.0,0.0,0.0,0.0
2023-09-22,0,0.0,0.0,0.0,0.0,0.0,0.0
2023-09-25,0,0.0,0.0,0.0,0.0,0.0,0.0
2023-09-26,0,0.0,0.0,0.0,0.0,0.0,0.0
2023-09-27,0,0.0,0.0,0.0,0.0,0.0,0.0
2023-09-28,0,0.0,0.0,0.0,0.0,0.0,0.0
2023-10-09,0,0.0,0.0,0.0,0.0,0.0,0.0
2023-10-10,1,948924.1971990875,94.89241971990876,51011.53198815911,0.0,51011.53198815911,50916.639568439205
2023-10-11,1,112376.21092552778,11.237621092552779,1028.4583062128877,7130.644256409287,8159.102562622174,8147.864941529621
2023-10-12,0,0.0,0.0,0.0,-18512.24951183198,-18512.24951183198,-18512.24951183198
2023-10-13,0,0.0,0.0,0.0,11724.424690826909,11724.424690826909,11724.424690826909
2023-10-16,0,0.0,0.0,0.0,-4936.599869821839,-4936.599869821839,-4936.599869821839
2023-10-17,0,0.0,0.0,0.0,6787.82482100507,6787.82482100507,6787.82482100507
2023-10-18,0,0.0,0.0,0.0,-8021.974788460448,-8021.974788460448,-8021.974788460448
2023-10-19,0,0.0,0.0,0.0,-27151.299284020115,-27151.299284020115,-27151.299284020115
2023-10-20,1,57799.35680916408,5.779935680916408,-1474.1235722384681,28385.449251475493,26911.325679237023,26905.545743556107
2023-10-23,1,56325.233236925604,5.632523323692561,1268.431910995896,21563.342486930233,22831.77439792613,22826.141874602436
2023-10-24,1,991440.0,99.144,8221.473638923071,-8639.0497721883,-417.57613326522915,-516.7201332652292
2023-10-25,1,1059106.3637380276,105.91063637380277,-3908.1415636090424,0.0,-3908.1415636090424,-4014.052199982845
2023-10-26,1,55948.13185798088,5.594813185798088,-308.53749186386267,5862.212345413391,5553.674853549528,5548.08004036373
2023-10-27,1,55620.0,5.562,-225.28602735958884,-3702.4499023662975,-3927.7359297258863,-3933.297929725886
2023-10-30,1,55845.28602735959,5.584528602735959,0.0,0.0,0.0,-5.584528602735959
2023-10-31,0,0.0,0.0,0.0,-8639.0497721883,-8639.0497721883,-8639.0497721883
2023-11-01,0,0.0,0.0,0.0,11107.34970709922,11107.34970709922,11107.34970709922
2023-11-02,0,0.0,0.0,0.0,-23448.849381653818,-23448.849381653818,-23448.849381653818
2023-11-03,0,0.0,0.0,0.0,-8639.049772188137,-8639.049772188137,-8639.049772188137
2023-11-06,1,1034834.7477114036,103.48347477114037,-4319.524886093986,4319.524886093986,0.0,-103.48347477114037
2023-11-07,0,0.0,0.0,0.0,0.0,0.0,0.0
2023-11-08,0,0.0,0.0,0.0,0.0,0.0,0.0
2023-11-09,0,0.0,0.0,0.0,0.0,0.0,0.0
2023-11-10,0,0.0,0.0,0.0,0.0,0.0,0.0
2023-11-13,0,0.0,0.0,0.0,0.0,0.0,0.0
2023-11-14,0,0.0,0.0,0.0,0.0,0.0,0.0
2023-11-15,0,0.0,0.0,0.0,0.0,0.0,0.0
2023-11-16,0,0.0,0.0,0.0,0.0,0.0,0.0
2023-11-17,0,0.0,0.0,0.0,0.0,0.0,0.0
2023-11-20,0,0.0,0.0,0.0,0.0,0.0,0.0
2023-11-21,0,0.0,0.0,0.0,0.0,0.0,0.0
2023-11-22,0,0.0,0.0,0.0,0.0,0.0,0.0
2023-11-23,0,0.0,0.0,0.0,0.0,0.0,0.0
2023-11-24,0,0.0,0.0,0.0,0.0,0.0,0.0
2023-11-27,0,0.0,0.0,0.0,0.0,0.0,0.0
2023-11-28,0,0.0,0.0,0.0,0.0,0.0,0.0
2023-11-29,0,0.0,0.0,0.0,0.0,0.0,0.0
2023-11-30,1,991040.0,99.104,-9753.648098747071,0.0,-9753.648098747071,-9852.75209874707
2023-12-01,0,0.0,0.0,0.0,70757.93146744632,70757.93146744632,70757.93146744632
2023-12-04,0,0.0,0.0,0.0,-17003.843996053038,-17003.843996053038,-17003.843996053038
2023-12-05,0,0.0,0.0,0.0,-17552.355092699872,-17552.355092699872,-17552.355092699872
2023-12-06,0,0.0,0.0,0.0,2194.044386587484,2194.044386587484,2194.044386587484
2023-12-07,0,0.0,0.0,0.0,21391.932769228006,21391.932769228006,21391.932769228006
2023-12-08,0,0.0,0.0,0.0,-22961.0319317237,-22961.0319317237,-22961.0319317237
2023-12-11,0,0.0,0.0,0.0,-26092.081740236754,-26092.081740236754,-26092.081740236754
2023-12-12,1,991680.0,99.168,10617.726567097998,-10958.674330899375,-340.94776380137773,-440.11576380137774
2023-12-13,0,0.0,0.0,0.0,0.0,0.0,0.0
2023-12-14,0,0.0,0.0,0.0,0.0,0.0,0.0
2023-12-15,0,0.0,0.0,0.0,0.0,0.0,0.0
2023-12-18,0,0.0,0.0,0.0,0.0,0.0,0.0
2023-12-19,1,985269.6216135152,98.52696216135152,-6099.024106780307,0.0,-6099.024106780307,-6197.551068941659
2023-12-20,0,0.0,0.0,0.0,-12198.048213560614,-12198.048213560614,-12198.048213560614
2023-12-21,0,0.0,0.0,0.0,-46574.36590632265,-46574.36590632265,-46574.36590632265
2023-12-22,1,123350.31642696925,12.335031642696926,1304.6040870118304,-9425.764528660475,-8121.160441648644,-8133.495473291341
2023-12-25,0,0.0,0.0,0.0,19079.834772548158,19079.834772548158,19079.834772548158
2023-12-26,1,914853.6160170512,91.48536160170512,2446.1326631473185,-1467.6795978884456,978.4530652588728,886.9677036571677
2023-12-27,0,0.0,0.0,0.0,0.0,0.0,0.0
2023-12-28,0,0.0,0.0,0.0,0.0,0.0,0.0
2023-12-29,0,0.0,0.0,0.0,0.0,0.0,0.0
2024-01-02,0,0.0,0.0,0.0,0.0,0.0,0.0
2024-01-03,0,0.0,0.0,0.0,0.0,0.0,0.0
2024-01-04,0,0.0,0.0,0.0,0.0,0.0,0.0
2024-01-05,0,0.0,0.0,0.0,0.0,0.0,0.0
2024-01-08,0,0.0,0.0,0.0,0.0,0.0,0.0
2024-01-09,0,0.0,0.0,0.0,0.0,0.0,0.0
2024-01-10,0,0.0,0.0,0.0,0.0,0.0,0.0
2024-01-11,0,0.0,0.0,0.0,0.0,0.0,0.0
2024-01-12,0,0.0,0.0,0.0,0.0,0.0,0.0
2024-01-15,0,0.0,0.0,0.0,0.0,0.0,0.0
2024-01-16,1,959480.0,95.94800000000001,-10819.289715054283,0.0,-10819.289715054283,-10915.237715054283
2024-01-17,1,57100.0,5.71,-545.4128280368332,8871.307791680447,8325.894963643614,8320.184963643615
2024-01-18,1,56554.58717196317,5.655458717196317,-684.917145681211,-10958.674330899375,-11643.591476580586,-11649.246935297782
2024-01-19,1,57206.889215469084,5.720688921546909,130.46040870118304,-1663.3702109400838,-1532.9098022389007,-1538.6304911604477
2024-01-22,0,0.0,0.0,0.0,-34963.389531917346,-34963.389531917346,-34963.389531917346
2024-01-23,1,59294.25575468802,5.929425575468803,-293.53591957766184,8349.46615687586,8055.930237298198,8050.00081172273
2024-01-24,0,0.0,0.0,0.0,-22015.193968324777,-22015.193968324777,-22015.193968324777
2024-01-25,0,0.0,0.0,0.0,2446.132663147182,2446.132663147182,2446.132663147182
2024-01-26,1,904800.0,90.48,-220.1411681670379,0.0,-220.1411681670379,-310.6211681670379
2024-01-29,0,0.0,0.0,0.0,0.0,0.0,0.0
2024-01-30,0,0.0,0.0,0.0,0.0,0.0,0.0
2024-01-31,0,0.0,0.0,0.0,0.0,0.0,0.0
2024-02-01,0,0.0,0.0,0.0,0.0,0.0,0.0
2024-02-02,0,0.0,0.0,0.0,0.0,0.0,0.0
2024-02-05,0,0.0,0.0,0.0,0.0,0.0,0.0
2024-02-06,0,0.0,0.0,0.0,0.0,0.0,0.0
2024-02-07,0,0.0,0.0,0.0,0.0,0.0,0.0
2024-02-08,1,891000.0,89.10000000000001,5010.749408085758,0.0,5010.749408085758,4921.649408085757
2024-02-19,1,878161.6260698433,87.81616260698434,-26907.45929461914,34735.08381669012,7827.6245220709825,7739.808359463998
2024-02-20,0,0.0,0.0,0.0,0.0,0.0,0.0
2024-02-21,1,880000.0,88.0,9046.311510897212,0.0,9046.311510897212,8958.311510897212
2024-02-22,1,54420.0,5.442,-797.3679827760316,-12524.199235313718,-13321.567218089749,-13327.009218089748
2024-02-23,1,55240.0,5.524,42.59818712662309,-1108.9134739600559,-1066.3152868334328,-1071.8392868334327
2024-02-26,0,0.0,0.0,0.0,7827.6245220709825,7827.6245220709825,7827.6245220709825
2024-02-27,0,0.0,0.0,0.0,-18786.298852970358,-18786.298852970358,-18786.298852970358
2024-02-28,0,0.0,0.0,0.0,38094.439340745594,38094.439340745594,38094.439340745594
2024-02-29,1,53560.0,5.356,-91.84307836182597,-1043.6832696094643,-1135.5263479712903,-1140.8823479712903
2024-03-01,0,0.0,0.0,0.0,-3326.7404218801676,-3326.7404218801676,-3326.7404218801676
2024-03-04,0,0.0,0.0,0.0,554.4567369800279,554.4567369800279,554.4567369800279
2024-03-05,0,0.0,0.0,0.0,6653.480843760335,6653.480843760335,6653.480843760335
2024-03-06,0,0.0,0.0,0.0,-3326.7404218801676,-3326.7404218801676,-3326.7404218801676
2024-03-07,0,0.0,0.0,0.0,15524.788635440937,15524.788635440937,15524.788635440937
2024-03-08,1,52680.0,5.268000000000001,-91.23531962883135,-1108.9134739600559,-1200.1487935888872,-1205.4167935888872
2024-03-11,0,0.0,0.0,0.0,27005.304601145053,27005.304601145053,27005.304601145053
2024-03-12,1,51368.785926091114,5.136878592609111,-750.1473500318025,-15263.86781803858,-16014.015168070382,-16019.152046662992
2024-03-13,1,52140.0,5.214,-771.2140739088863,14252.799650604247,13481.585576695361,13476.371576695361
2024-03-14,1,51629.70674349348,5.162970674349348,391.3812261035582,2348.2873566214585,2739.6685827250167,2734.5056120506674
2024-03-15,0,0.0,0.0,0.0,-19829.982122579997,-19829.982122579997,-19829.982122579997
2024-03-18,1,52300.0,5.23,-2268.4332630960216,42758.39895181292,40489.9656887169,40484.73568871689
2024-03-19,1,100063.13347380796,10.006313347380797,-1239.373882661239,-11154.36494395115,-12393.738826612389,-12403.74513995977
2024-03-20,1,50651.2536782346,5.06512536782346,-554.4567369800279,11089.134739600559,10534.67800262053,10529.612877252706
2024-03-21,1,50080.0,5.008,-636.4838825851893,-11774.05188528177,-12410.535767866959,-12415.543767866959
2024-03-22,1,50455.563065182825,5.045556306518283,-521.8416348047322,15655.249044141965,15133.407409337233,15128.361853030714
2024-03-25,0,0.0,0.0,0.0,26026.85153588619,26026.85153588619,26026.85153588619
2024-03-26,1,97323.4648910831,9.732346489108311,65.23020435059152,-1239.373882661239,-1174.1436783106474,-1183.8760247997557
2024-03-27,0,0.0,0.0,0.0,11643.591476580586,11643.591476580586,11643.591476580586
2024-03-28,0,0.0,0.0,0.0,13013.4257679432,13013.4257679432,13013.4257679432
2024-03-29,1,47618.04917593207,4.761804917593207,-358.76612392825336,-10958.674330899375,-11317.440454827629,-11322.202259745221
2024-04-01,1,47781.12468680855,4.778112468680855,717.5322478565158,-11480.515965704308,-10762.983717847792,-10767.761830316473
2024-04-02,0,0.0,0.0,0.0,15068.177204986832,15068.177204986832,15068.177204986832
2024-04-03,0,0.0,0.0,0.0,-684.917145681211,-684.917145681211,-684.917145681211
2024-04-08,0,0.0,0.0,0.0,-60957.62596562816,-60957.62596562816,-60957.62596562816
2024-04-09,1,101480.0,10.148,1517.6614328801588,-16429.283510952693,-14911.622078072534,-14921.770078072534
2024-04-10,1,51520.0,5.152,114.89103537386654,-2585.1460597419555,-2470.255024368089,-2475.407024368089
2024-04-11,1,929880.0,92.988,-15758.747243321905,15306.785880051502,-451.9613632704022,-544.9493632704023
2024-04-12,0,0.0,0.0,0.0,0.0,0.0,0.0
2024-04-15,0,0.0,0.0,0.0,0.0,0.0,0.0
2024-04-16,0,0.0,0.0,0.0,0.0,0.0,0.0
2024-04-17,0,0.0,0.0,0.0,0.0,0.0,0.0
2024-04-18,0,0.0,0.0,0.0,0.0,0.0,0.0
2024-04-19,0,0.0,0.0,0.0,0.0,0.0,0.0
2024-04-22,0,0.0,0.0,0.0,0.0,0.0,0.0
2024-04-23,0,0.0,0.0,0.0,0.0,0.0,0.0
2024-04-24,0,0.0,0.0,0.0,0.0,0.0,0.0
2024-04-25,0,0.0,0.0,0.0,0.0,0.0,0.0
2024-04-26,0,0.0,0.0,0.0,0.0,0.0,0.0
2024-04-29,0,0.0,0.0,0.0,0.0,0.0,0.0
2024-04-30,1,957592.5246560244,95.75925246560244,-18980.414491263837,0.0,-18980.414491263837,-19076.17374372944
2024-05-06,0,0.0,0.0,0.0,39185.37185293184,39185.37185293184,39185.37185293184
2024-05-07,0,0.0,0.0,0.0,4285.900046414499,4285.900046414499,4285.900046414499
2024-05-08,1,981720.0,98.17200000000001,9432.960899126065,-9796.342963233,-363.382064106936,-461.55406410693604
2024-05-09,1,972720.0,97.272,14261.553545723436,0.0,14261.553545723436,14164.281545723436
2024-05-10,0,0.0,0.0,0.0,1224.542870404166,1224.542870404166,1224.542870404166
2024-05-13,0,0.0,0.0,0.0,-612.2714352021649,-612.2714352021649,-612.2714352021649
2024-05-14,0,0.0,0.0,0.0,-23878.585972880337,-23878.585972880337,-23878.585972880337
2024-05-15,0,0.0,0.0,0.0,0.0,0.0,0.0
2024-05-16,1,963360.0,96.336,-10763.853406480102,10408.614398435002,-355.2390080451005,-451.5750080451005
2024-05-17,0,0.0,0.0,0.0,0.0,0.0,0.0
2024-05-20,0,0.0,0.0,0.0,0.0,0.0,0.0
2024-05-21,1,944292.6284802464,94.42926284802465,13878.152531246596,0.0,13878.152531246596,13783.723268398571
2024-05-22,0,0.0,0.0,0.0,9830.358042966545,9830.358042966545,9830.358042966545
2024-05-23,0,0.0,0.0,0.0,-8673.845332029277,-8673.845332029277,-8673.845332029277
2024-05-24,0,0.0,0.0,0.0,32960.61226171098,32960.61226171098,32960.61226171098
2024-05-27,0,0.0,0.0,0.0,-4047.7944882802058,-4047.7944882802058,-4047.7944882802058
2024-05-28,0,0.0,0.0,0.0,-12143.383464840927,-12143.383464840927,-12143.383464840927
2024-05-29,0,0.0,0.0,0.0,39321.432171865716,39321.432171865716,39321.432171865716
2024-05-30,0,0.0,0.0,0.0,-24865.02328515041,-24865.02328515041,-24865.02328515041
2024-05-31,0,0.0,0.0,0.0,-10986.870753903659,-10986.870753903659,-10986.870753903659
2024-06-03,0,0.0,0.0,0.0,-17925.947019526957,-17925.947019526957,-17925.947019526957
2024-06-04,0,0.0,0.0,0.0,7517.332621091855,7517.332621091855,7517.332621091855
2024-06-05,1,968660.0,96.866,-3967.189898208453,3469.5381328118037,-497.65176539664935,-594.5177653966493
2024-06-06,0,0.0,0.0,0.0,0.0,0.0,0.0
2024-06-07,0,0.0,0.0,0.0,0.0,0.0,0.0
2024-06-11,0,0.0,0.0,0.0,0.0,0.0,0.0
2024-06-12,0,0.0,0.0,0.0,0.0,0.0,0.0
2024-06-13,0,0.0,0.0,0.0,0.0,0.0,0.0
2024-06-14,0,0.0,0.0,0.0,0.0,0.0,0.0
2024-06-17,0,0.0,0.0,0.0,0.0,0.0,0.0
2024-06-18,0,0.0,0.0,0.0,0.0,0.0,0.0
2024-06-19,0,0.0,0.0,0.0,0.0,0.0,0.0
2024-06-20,1,971280.0,97.128,-394.7676656719341,0.0,-394.7676656719341,-491.89566567193407
2024-06-21,0,0.0,0.0,0.0,4898.1714816165,4898.1714816165,4898.1714816165
2024-06-24,0,0.0,0.0,0.0,27552.214584092835,27552.214584092835,27552.214584092835
2024-06-25,1,52281.177550309374,5.2281177550309375,-476.2111162682686,-10408.614398435002,-10884.82551470327,-10890.0536324583
2024-06-26,0,0.0,0.0,0.0,-3877.7190896131924,-3877.7190896131924,-3877.7190896131924
2024-06-27,0,0.0,0.0,0.0,18096.022418194378,18096.022418194378,18096.022418194378
2024-06-28,1,52009.056912441796,5.20090569124418,-1054.467471736889,-20034.881963000887,-21089.34943473778,-21094.55034042902
2024-07-01,1,53063.52438417868,5.306352438417869,-306.13571760103696,6122.714352020739,5816.578634419702,5811.272281981284
2024-07-02,0,0.0,0.0,0.0,-17449.735903258763,-17449.735903258763,-17449.735903258763
2024-07-03,1,53700.0,5.37,145.8712180479779,-3231.432574677574,-3085.561356629596,-3090.931356629596
2024-07-04,0,0.0,0.0,0.0,5510.4429168185015,5510.4429168185015,5510.4429168185015
2024-07-05,0,0.0,0.0,0.0,30613.57176010317,30613.57176010317,30613.57176010317
2024-07-08,1,103745.993187016,10.374599318701602,2108.934943473778,18368.143056061836,20477.077999535613,20466.703400216913
2024-07-09,0,0.0,0.0,0.0,-6122.714352020739,-6122.714352020739,-6122.714352020739
2024-07-10,0,0.0,0.0,0.0,26531.762192089445,26531.762192089445,26531.762192089445
2024-07-11,1,50002.167208168365,5.000216720816836,170.07539866723164,-680.3015946690721,-510.22619600184044,-515.2264127226573
2024-07-12,0,0.0,0.0,0.0,-5714.5333952190595,-5714.5333952190595,-5714.5333952190595
2024-07-15,0,0.0,0.0,0.0,12143.383464840836,12143.383464840836,12143.383464840836
2024-07-16,1,49500.0,4.95,42.074067566800295,1428.6333488048604,1470.7074163716607,1465.7574163716606
2024-07-17,0,0.0,0.0,0.0,11224.976312037688,11224.976312037688,11224.976312037688
2024-07-18,0,0.0,0.0,0.0,-14966.635082716984,-14966.635082716984,-14966.635082716984
2024-07-19,1,49321.86561349941,4.932186561349941,-238.10555813413885,11973.308066173668,11735.202508039529,11730.27032147818
2024-07-22,1,49060.0,4.906000000000001,486.4661406364394,10714.750116035975,11201.216256672415,11196.310256672414
2024-07-23,0,0.0,0.0,0.0,16463.298590988743,16463.298590988743,16463.298590988743
2024-07-24,1,47995.27750389495,4.799527750389495,-544.2412757351576,-15714.966836852764,-16259.208112587921,-16264.00764033831
2024-07-25,1,48560.0,4.856,-530.7074163716061,11735.202508039401,11204.495091667795,11199.639091667796
2024-07-26,1,48029.2925836284,4.80292925836284,748.331754135852,16463.298590988743,17211.630345124595,17206.82741586623
2024-07-29,1,47260.0,4.726,1645.7780774464027,38334.994859595725,39980.77293704213,39976.04693704213
2024-07-30,1,46056.417959088416,4.605641795908841,272.12063786757426,-4081.8095680137776,-3809.6889301462033,-3814.2945719421123
2024-07-31,0,0.0,0.0,0.0,-24660.932806749544,-24660.932806749544,-24660.932806749544
2024-08-01,1,46800.0,4.680000000000001,-981.6875990457174,23810.55581341343,22828.868214367714,22824.188214367714
2024-08-02,1,45920.35764015462,4.5920357640154625,-714.3166744024074,-19592.685926466,-20307.002600868407,-20311.594636632424
2024-08-05,1,46532.62907535669,4.653262907535669,-510.2261960017222,15306.78588005162,14796.559684049898,14791.906421142363
2024-08-06,1,46000.0,4.6000000000000005,589.868555847097,14694.514444849556,15284.383000696653,15279.783000696652
2024-08-07,1,45400.0,4.54,772.2153897163935,19558.670846732413,20330.88623644881,20326.346236448808
2024-08-08,0,0.0,0.0,0.0,13265.881096044777,13265.881096044777,13265.881096044777
2024-08-09,1,44389.67905214947,4.438967905214947,-102.04523920034262,-9728.312803766075,-9830.358042966418,-9834.797010871633
2024-08-12,0,0.0,0.0,0.0,3673.6286112122525,3673.6286112122525,3673.6286112122525
2024-08-13,0,0.0,0.0,0.0,33981.0646537145,33981.0646537145,33981.0646537145
2024-08-14,0,0.0,0.0,0.0,23878.585972880253,23878.585972880253,23878.585972880253
2024-08-15,1,84493.4580578845,8.44934580578845,-136.06031893379622,-2755.2214584092508,-2891.281777343047,-2899.7311231488356
2024-08-16,0,0.0,0.0,0.0,4932.186561349981,4932.186561349981,4932.186561349981
2024-08-19,1,42144.68378974191,4.214468378974191,204.09047840068524,5918.623873619872,6122.714352020557,6118.499883641583
2024-08-20,0,0.0,0.0,0.0,-19736.749793028048,-19736.749793028048,-19736.749793028048
2024-08-21,1,42620.0,4.2620000000000005,899.5332948084797,-27631.449710989546,-26731.916416181066,-26736.178416181065
2024-08-22,1,43453.74412882993,4.345374412882993,-1874.9912303885685,56282.63149464641,54407.64026425785,54403.29488984496
2024-08-23,1,83120.0,8.312000000000001,817.7533608383783,11973.628208095433,12791.381568933812,12783.069568933812
2024-08-26,1,41151.12331958081,4.115112331958081,65.78916597854914,1973.674979356474,2039.4641453350232,2035.3490330030652
2024-08-27,0,0.0,0.0,0.0,-16315.71316267934,-16315.71316267934,-16315.71316267934
2024-08-28,1,41447.17456648426,4.144717456648427,-263.15666391418745,13256.516944677087,12993.3602807629,12989.21556330625
2024-08-29,1,41160.0,4.1160000000000005,-320.06914947353835,-8881.53740710386,-9201.606556577399,-9205.722556577399
2024-08-30,1,41480.06914947354,4.148006914947354,98.6837489678237,-3059.196218002535,-2960.512469034711,-2964.6604759496586
2024-09-02,0,0.0,0.0,0.0,84868.02411232496,84868.02411232496,84868.02411232496
2024-09-03,1,194078.03963671203,19.407803963671203,6085.497853015545,34539.31213873693,40624.809991752474,40605.4021877888
2024-09-04,1,75328.59504543568,7.532859504543568,1381.5724855494682,21874.897687866633,23256.4701734161,23248.937313911556
2024-09-05,1,37302.45710983584,3.7302457109835845,263.15666391418745,-2434.1991412061498,-2171.0424772919623,-2174.772723002946
2024-09-06,0,0.0,0.0,0.0,3749.982460777128,3749.982460777128,3749.982460777128
2024-09-09,0,0.0,0.0,0.0,6249.970767961995,6249.970767961995,6249.970767961995
2024-09-10,0,0.0,0.0,0.0,39999.81291495614,39999.81291495614,39999.81291495614
2024-09-11,1,107100.0,10.71,-366.6026259556338,-3749.982460777128,-4116.585086732762,-4127.295086732762
2024-09-12,1,35840.0,3.584,-1366.477027241658,55295.79400496831,53929.31697772665,53925.73297772665
2024-09-13,1,137894.09189103337,13.789409189103338,3552.614962841508,35526.14962841508,39078.764591256586,39064.97518206748
2024-09-18,1,67120.0,6.712000000000001,-642.8409579028448,-13026.254863752129,-13669.095821654973,-13675.807821654973
2024-09-19,1,33881.42047895142,3.388142047895142,1282.8887365816581,-59012.88188275627,-57729.99314617462,-57733.38128822251
2024-09-20,1,105196.87639969579,10.519687639969579,-2763.1449710989546,45887.94327003618,43124.798298937225,43114.27861129725
2024-09-23,1,68240.0,6.824000000000001,-1628.0942692163353,-33157.739653187426,-34785.83392240376,-34792.65792240376
2024-09-24,1,69920.0,6.992,3434.920066079294,-76710.16753098508,-73275.24746490578,-73282.23946490578
2024-09-25,1,146800.0,14.680000000000001,1751.936779557891,-19342.014797692682,-17590.07801813479,-17604.75801813479
2024-09-26,1,36940.61669695383,3.694061669695383,657.8916597854641,-17499.91815029338,-16842.026490507917,-16845.720552177612
2024-09-27,0,0.0,0.0,0.0,-76677.27294799582,-76677.27294799582,-76677.27294799582
2024-09-30,1,1466604.982576747,146.6604982576747,103453.46350126431,-102236.36393066132,1217.0995706029935,1070.439072345319
2024-10-08,0,0.0,0.0,0.0,0.0,0.0,0.0
2024-10-09,1,1316040.0,131.604,-27526.289727178428,0.0,-27526.289727178428,-27657.893727178427
2024-10-10,0,0.0,0.0,0.0,-41249.80706854865,-41249.80706854865,-41249.80706854865
2024-10-11,0,0.0,0.0,0.0,37993.243352610625,37993.243352610625,37993.243352610625
2024-10-14,0,0.0,0.0,0.0,45591.892023132605,45591.892023132605,45591.892023132605
2024-10-15,0,0.0,0.0,0.0,73815.44422792913,73815.44422792913,73815.44422792913
2024-10-16,0,0.0,0.0,0.0,17368.33981833637,17368.33981833637,17368.33981833637
2024-10-17,1,43387.95496285138,4.338795496285138,4440.76870355188,-136775.67606939812,-132334.90736584624,-132339.24616134254
2024-10-18,1,38960.0,3.8960000000000004,1500.3370768060677,48420.82616021013,49921.1632370162,49917.267237016196
2024-10-21,0,0.0,0.0,0.0,17368.339818336222,17368.339818336222,17368.339818336222
2024-10-22,0,0.0,0.0,0.0,20624.903534274254,20624.903534274254,20624.903534274254
2024-10-23,0,0.0,0.0,0.0,-10855.212386460007,-10855.212386460007,-10855.212386460007
2024-10-24,0,0.0,0.0,0.0,102038.99643272551,102038.99643272551,102038.99643272551
2024-10-25,0,0.0,0.0,0.0,0.0,0.0,0.0
2024-10-28,0,0.0,0.0,0.0,68387.83803469912,68387.83803469912,68387.83803469912
2024-10-29,0,0.0,0.0,0.0,-48848.45573907093,-48848.45573907093,-48848.45573907093
2024-10-30,0,0.0,0.0,0.0,2171.0424772921215,2171.0424772921215,2171.0424772921215
2024-10-31,0,0.0,0.0,0.0,-13026.254863752129,-13026.254863752129,-13026.254863752129
2024-11-01,0,0.0,0.0,0.0,8684.169909168186,8684.169909168186,8684.169909168186
2024-11-04,0,0.0,0.0,0.0,-30394.5946820885,-30394.5946820885,-30394.5946820885
2024-11-05,0,0.0,0.0,0.0,54276.06193230064,54276.06193230064,54276.06193230064
2024-11-06,0,0.0,0.0,0.0,-4342.084954583943,-4342.084954583943,-4342.084954583943
2024-11-07,0,0.0,0.0,0.0,2171.0424772921215,2171.0424772921215,2171.0424772921215
2024-11-08,0,0.0,0.0,0.0,-34736.67963667274,-34736.67963667274,-34736.67963667274
2024-11-11,0,0.0,0.0,0.0,-29309.073443442438,-29309.073443442438,-29309.073443442438
2024-11-12,0,0.0,0.0,0.0,-11940.733625106068,-11940.733625106068,-11940.733625106068
2024-11-13,1,1427460.4288195116,142.74604288195115,-22795.946011566375,22795.946011566375,0.0,-142.74604288195115
2024-11-14,0,0.0,0.0,0.0,0.0,0.0,0.0
2024-11-15,0,0.0,0.0,0.0,0.0,0.0,0.0
2024-11-18,0,0.0,0.0,0.0,0.0,0.0,0.0
2024-11-19,0,0.0,0.0,0.0,0.0,0.0,0.0
2024-11-20,1,1404880.0,140.488,5741.807134252431,0.0,5741.807134252431,5601.319134252431
2024-11-21,0,0.0,0.0,0.0,-27960.395540882146,-27960.395540882146,-27960.395540882146
2024-11-22,1,42000.0,4.2,-1210.7170933012003,40262.96957887053,39052.25248556933,39048.05248556933
2024-11-25,1,81578.5658133976,8.15785658133976,-197.3674979356383,-3256.563715938032,-3453.9312138736705,-3462.08907045501
2024-11-26,0,0.0,0.0,0.0,1151.3104046244507,1151.3104046244507,1151.3104046244507
2024-11-27,0,0.0,0.0,0.0,-1151.3104046244507,-1151.3104046244507,-1151.3104046244507
2024-11-28,0,0.0,0.0,0.0,-3453.9312138736705,-3453.9312138736705,-3453.9312138736705
2024-11-29,0,0.0,0.0,0.0,-19572.276878617733,-19572.276878617733,-19572.276878617733
2024-12-02,1,41545.85831545209,4.1545858315452096,1019.7320726674661,-35690.622543361314,-34670.89047069385,-34675.04505652539
2024-12-03,1,85131.18077623911,8.513118077623911,-789.4699917425532,13420.989859623405,12631.519867880852,12623.006749803228
2024-12-04,0,0.0,0.0,0.0,34736.67963667249,34736.67963667249,34736.67963667249
2024-12-05,1,1313678.0662596156,131.36780662596158,-49473.45281586691,50526.0794715237,1052.6266556567862,921.2588490308246
2024-12-06,0,0.0,0.0,0.0,0.0,0.0,0.0
2024-12-09,0,0.0,0.0,0.0,0.0,0.0,0.0
2024-12-10,1,1462493.1597030878,146.24931597030877,10657.844888524633,0.0,10657.844888524633,10511.595572554324
2024-12-11,1,40295.8641618597,4.02958641618597,164.47291494636374,-4736.819950455374,-4572.34703550901,-4576.376621925197
2024-12-12,0,0.0,0.0,0.0,-19572.276878617573,-19572.276878617573,-19572.276878617573
2024-12-13,1,40642.686977152676,4.064268697715268,-782.705098704082,40584.70882112918,39802.0037224251,39797.939453727384
2024-12-16,1,79680.0,7.968,655.774108617552,11827.543713750556,12483.317822368108,12475.349822368107
2024-12-17,1,39512.112945691224,3.9512112945691227,-260.9016995680304,-9392.461184449094,-9653.362884017124,-9657.314095311693
2024-12-18,1,39773.01464525925,3.9773014645259255,28.989077729779638,-1072.5958760018466,-1043.606798272067,-1047.5840997365929
2024-12-19,0,0.0,0.0,0.0,-26090.169956802656,-26090.169956802656,-26090.169956802656
2024-12-20,1,1459440.0,145.94400000000002,-26567.865972394775,26090.169956802656,-477.6960155921188,-623.6400155921187
2024-12-23,1,1432080.0,143.208,251.47277066684183,0.0,251.47277066684183,108.26477066684183
2024-12-24,0,0.0,0.0,0.0,-25046.56315853059,-25046.56315853059,-25046.56315853059
2024-12-25,1,80879.52686608843,8.087952686608844,-1565.410197408164,29220.99035161902,27655.580154210857,27647.49220152425
2024-12-26,1,79280.0,7.928,1241.402751430096,21683.830141876097,22925.232893306194,22917.304893306195
2024-12-27,1,39000.0,3.9000000000000004,270.5921530128535,10436.067982720997,10706.660135733851,10702.760135733852
2024-12-30,1,38729.407846987146,3.8729407846987147,-231.9126218382462,-8580.76700801511,-8812.679629853355,-8816.552570638054
2024-12-31,1,38961.32046882539,3.8961320468825393,-492.8143214062766,18726.94421343851,18234.129892032233,18230.23375998535
2025-01-02,1,38440.0,3.8440000000000003,-347.3860024467058,-11798.554636020817,-12145.940638467524,-12149.784638467523
2025-01-03,1,38700.41876925736,3.8700418769257365,202.92354410846656,-4406.339814926678,-4203.416270818211,-4207.286312695137
2025-01-06,0,0.0,0.0,0.0,6435.575256011248,6435.575256011248,6435.575256011248
2025-01-07,0,0.0,0.0,0.0,1072.5958760020148,1072.5958760020148,1072.5958760020148
2025-01-08,1,38680.0,3.8680000000000003,1168.1334176636483,43976.430916077385,45144.56433374103,45140.69633374103
2025-01-09,1,75139.68947559182,7.513968947559182,-1333.497575569918,-27539.623843291694,-28873.121418861614,-28880.635387809172
2025-01-10,1,76520.0,7.652,-626.5945034338711,11595.631091912219,10969.036588478348,10961.384588478348
2025-01-13,1,38120.63721466175,3.8120637214661754,-1362.4866532996975,-58384.00254777844,-59746.48920107813,-59750.3012647996
2025-01-14,1,118275.43713750565,11.827543713750565,2695.9842288696154,-32786.64691238219,-30090.66268351257,-30102.49022722632
2025-01-15,1,80647.61424425017,8.064761424425019,0.0,0.0,0.0,-8.064761424425019
2025-01-16,1,1371560.0,137.156,43802.73107881761,-44353.28892656455,-550.5578477469389,-687.7138477469389
2025-01-17,0,0.0,0.0,0.0,0.0,0.0,0.0
2025-01-20,0,0.0,0.0,0.0,0.0,0.0,0.0
2025-01-21,0,0.0,0.0,0.0,0.0,0.0,0.0
2025-01-22,0,0.0,0.0,0.0,0.0,0.0,0.0
2025-01-23,0,0.0,0.0,0.0,0.0,0.0,0.0
2025-01-24,0,0.0,0.0,0.0,0.0,0.0,0.0
2025-01-27,0,0.0,0.0,0.0,0.0,0.0,0.0
2025-02-05,0,0.0,0.0,0.0,0.0,0.0,0.0
2025-02-06,0,0.0,0.0,0.0,0.0,0.0,0.0
2025-02-07,0,0.0,0.0,0.0,0.0,0.0,0.0
2025-02-10,0,0.0,0.0,0.0,0.0,0.0,0.0
2025-02-11,0,0.0,0.0,0.0,0.0,0.0,0.0
2025-02-12,1,1380240.0,138.024,591.8126842723177,0.0,591.8126842723177,453.7886842723177
2025-02-13,0,0.0,0.0,0.0,53223.94671187754,53223.94671187754,53223.94671187754
2025-02-14,1,110460.0,11.046000000000001,794.3189482392518,10436.06798272116,11230.386930960412,11219.340930960412
2025-02-17,1,36555.22701725358,3.655522701725358,-289.89077729781,-11305.740314614592,-11595.6310919124,-11599.286614614126
2025-02-18,1,36729.16148363227,3.6729161483632273,376.85801048714893,-10436.067982721033,-10059.209972233884,-10062.882888382248
2025-02-19,0,0.0,0.0,0.0,7914.018220230196,7914.018220230196,7914.018220230196
2025-02-20,0,0.0,0.0,0.0,-22611.480629229183,-22611.480629229183,-22611.480629229183
2025-02-21,1,37500.0,3.75,-770.8385163677303,29394.924817997795,28624.086301630065,28620.336301630065
2025-02-24,1,36700.0,3.6700000000000004,-58.1505613620493,-1101.5849537316262,-1159.7355150936755,-1163.4055150936756
2025-02-25,0,0.0,0.0,0.0,35047.794975305,35047.794975305,35047.794975305
2025-02-26,1,71718.97830347769,7.17189783034777,753.7160209742979,14697.462408998808,15451.178429973106,15444.00653214276
2025-02-27,1,35460.0,3.5460000000000003,-312.52191854950524,-11885.52186921021,-12198.043787759714,-12201.589787759714
2025-02-28,0,0.0,0.0,0.0,-17045.577705110998,-17045.577705110998,-17045.577705110998
2025-03-03,1,36091.40177357709,3.6091401773577094,-521.8033991360517,25568.366557666595,25046.563158530545,25042.954018353186
2025-03-04,1,35540.0,3.5540000000000003,-145.55468536016178,-4754.208747684047,-4899.763433044209,-4903.317433044209
2025-03-05,0,0.0,0.0,0.0,35308.69667487313,35308.69667487313,35308.69667487313
2025-03-06,1,69689.74286239303,6.968974286239304,-231.9126218382462,-4870.16505860317,-5102.077680441416,-5109.046654727656
2025-03-07,1,34960.82774211564,3.496082774211564,-695.7378655147386,30612.466082648498,29916.728217133757,29913.232134359547
2025-03-10,1,68480.0,6.848000000000001,2210.968309721102,48614.6833528424,50825.651662563505,50818.80366256351
2025-03-11,1,99664.44923498637,9.966444923498639,-608.7706323253997,-13045.08497840145,-13653.855610726849,-13663.822055650347
2025-03-12,1,33440.0,3.3440000000000003,-189.52784394142782,8348.854386176972,8159.326542235544,8155.982542235544
2025-03-13,1,33337.43938924791,3.3337439389247914,-28.989077729779638,-5449.946613198786,-5478.935690928565,-5482.26943486749
2025-03-14,0,0.0,0.0,0.0,-16697.708772353726,-16697.708772353726,-16697.708772353726
2025-03-17,1,33714.297399735064,3.3714297399735065,260.9016995680304,-12523.281579265458,-12262.379879697428,-12265.7513094374
2025-03-18,1,34000.0,3.4000000000000004,-430.64798891383816,19074.813146195855,18644.165157282016,18640.765157282014
2025-03-19,1,33830.253710654186,3.383025371065419,-260.9016995680304,-24002.956360258584,-24263.858059826613,-24267.24108519768
2025-03-20,1,34120.0,3.4120000000000004,-115.81182296712541,4087.4599598991426,3971.648136932017,3968.2361369320174
2025-03-21,0,0.0,0.0,0.0,0.0,0.0,0.0
2025-03-24,0,0.0,0.0,0.0,-89344.3375631844,-89344.3375631844,-89344.3375631844
2025-03-25,1,1654160.0,165.416,26046.945218094945,-26669.951511398314,-623.0062933033696,-788.4222933033695
2025-03-26,0,0.0,0.0,0.0,0.0,0.0,0.0
2025-03-27,0,0.0,0.0,0.0,0.0,0.0,0.0
2025-03-28,0,0.0,0.0,0.0,0.0,0.0,0.0
2025-03-31,0,0.0,0.0,0.0,0.0,0.0,0.0
2025-04-01,0,0.0,0.0,0.0,0.0,0.0,0.0
2025-04-02,0,0.0,0.0,0.0,0.0,0.0,0.0
2025-04-03,0,0.0,0.0,0.0,0.0,0.0,0.0
2025-04-07,0,0.0,0.0,0.0,0.0,0.0,0.0
2025-04-08,0,0.0,0.0,0.0,0.0,0.0,0.0
2025-04-09,0,0.0,0.0,0.0,0.0,0.0,0.0
2025-04-10,0,0.0,0.0,0.0,0.0,0.0,0.0
2025-04-11,0,0.0,0.0,0.0,0.0,0.0,0.0
2025-04-14,0,0.0,0.0,0.0,0.0,0.0,0.0
2025-04-15,1,1471949.4108073497,147.194941080735,12755.19420110344,0.0,12755.19420110344,12607.999260022705
2025-04-16,1,33140.0,3.314,-135.82839423405858,-4942.232740052314,-5078.061134286372,-5081.3751342863725
2025-04-17,1,33300.0,3.33,-557.7080947874174,24009.14200596642,23451.433911179003,23448.103911179
2025-04-18,1,65440.0,6.5440000000000005,2426.532559779562,54364.560144503994,56791.092704283554,56784.54870428355
2025-04-21,1,94688.68636739008,9.468868636739009,-505.45562117823465,-10333.759366310715,-10839.21498748895,-10848.683856125688
2025-04-22,0,0.0,0.0,0.0,8255.775145911166,8255.775145911166,8255.775145911166
2025-04-23,0,0.0,0.0,0.0,-41278.87572955606,-41278.87572955606,-41278.87572955606
2025-04-24,1,64840.0,6.484,-1096.429995855433,26143.287962052098,25046.857966196665,25040.373966196665
2025-04-25,1,31927.946737758753,3.1927946737758757,449.29388549176565,18477.211040848943,18926.50492634071,18923.312131666935
2025-04-28,1,31460.0,3.1460000000000004,-46.73372011021911,-1347.8816564751469,-1394.615376585366,-1397.761376585366
2025-04-29,0,0.0,0.0,0.0,19263.475340459536,19263.475340459536,19263.475340459536
2025-04-30,1,62200.0,6.220000000000001,1433.0019872383946,35775.02563228187,37208.02761952026,37201.80761952026
2025-05-06,1,60720.0,6.072,570.7810797895763,15753.366860055135,16324.147939844712,16318.075939844712
2025-05-07,1,30383.499006380804,3.0383499006380803,224.6469427458851,-4464.857987074406,-4240.211044328521,-4243.249394229159
2025-05-08,0,0.0,0.0,0.0,25778.23668009013,25778.23668009013,25778.23668009013
2025-05-09,1,59320.0,5.932,1248.7653001890067,34876.437861298604,36125.20316148761,36119.27116148761
2025-05-12,1,58071.23469981099,5.807123469981099,-617.7790925511817,-17297.81459143309,-17915.59368398427,-17921.40080745425
2025-05-13,1,29360.0,2.936,-829.8382712727425,47232.019712322144,46402.181441049404,46399.2454410494
2025-05-14,1,85560.0,8.556000000000001,-2557.763292072973,-48018.28401193281,-50576.047304005784,-50584.60330400578
2025-05-15,1,87949.27808501355,8.794927808501354,-673.9408282376417,16848.520705941246,16174.579877703603,16165.784949895102
2025-05-16,1,29080.0,2.908,858.7278175483334,49618.89347899731,50477.621296545636,50474.71329654563
2025-05-19,1,84600.0,8.46,-1158.970393241193,-21172.974353799735,-22331.94474704093,-22340.404747040928
2025-05-20,1,28586.32346441373,2.858632346441373,196.56607490264832,-11990.530569061548,-11793.9644941589,-11796.82312650534
2025-05-21,1,28754.808671473143,2.8754808671473144,280.8086784323541,-15163.66863534704,-14882.859956914686,-14885.735437781834
2025-05-22,1,29060.0,2.906,-473.676535586269,26508.339244014172,26034.662708427903,26031.756708427904
2025-05-23,0,0.0,0.0,0.0,29316.426028337875,29316.426028337875,29316.426028337875
2025-05-26,1,112323.47137294197,11.232347137294198,-2134.1459560858857,-30945.116363245343,-33079.26231933123,-33090.49466646853
2025-05-27,1,85920.0,8.592,934.1242391273727,-20892.165675367316,-19958.041436239942,-19966.633436239943
2025-05-28,1,28923.293878532553,2.8923293878532554,-589.698224707945,36448.966460519725,35859.26823581178,35856.37590642393
2025-05-29,1,84960.0,8.496,1981.0355232391248,39088.56803778374,41069.603561022865,41061.107561022865
2025-05-30,1,82920.0,8.292,193.76333382824214,5138.798815312052,5332.562149140294,5324.270149140294
2025-06-03,0,0.0,0.0,0.0,50320.91517507797,50320.91517507797,50320.91517507797
2025-06-04,1,107381.2386325325,10.738123863253252,-3594.3510839341434,-61103.96842688031,-64698.31951081446,-64709.05763467771
2025-06-05,1,138017.46544950246,13.801746544950246,-2808.0867843235637,47737.47533350035,44929.38854917679,44915.586802631835
2025-06-06,1,82052.2958379341,8.205229583793411,-1937.5798811832556,-60149.21892021059,-62086.798801393845,-62095.00403097764
2025-06-09,1,112080.0,11.208,917.4122011796135,-16680.03549888174,-15762.623297702128,-15773.831297702129
2025-06-10,1,28108.948711078723,2.8108948711078723,-168.48520705941155,19151.151869086636,18982.666662027223,18979.855767156114
2025-06-11,1,1704368.273745178,170.4368273745178,5138.798815312052,-5138.798815312052,0.0,-170.4368273745178
2025-06-12,0,0.0,0.0,0.0,0.0,0.0,0.0
2025-06-13,0,0.0,0.0,0.0,0.0,0.0,0.0
2025-06-16,1,1731943.6859672354,173.19436859672354,-1769.0946741236303,0.0,-1769.0946741236303,-1942.2890427203538
2025-06-17,0,0.0,0.0,0.0,10614.568044742928,10614.568044742928,10614.568044742928
2025-06-18,1,27378.846147154603,2.7378846147154605,-140.40433921617478,-10614.568044742928,-10754.972383959102,-10757.710268573817
2025-06-19,1,27463.08875068431,2.746308875068431,561.6173568647082,-32349.15975540731,-31787.542398542602,-31790.288707417672
2025-06-20,1,56080.0,5.6080000000000005,474.8678362762803,-15921.852067114678,-15446.984230838398,-15452.592230838398
2025-06-23,1,1724923.4690064266,172.49234690064267,0.0,0.0,0.0,-172.49234690064267
2025-06-24,0,0.0,0.0,0.0,0.0,0.0,0.0
2025-06-25,0,0.0,0.0,0.0,0.0,0.0,0.0
2025-06-26,0,0.0,0.0,0.0,0.0,0.0,0.0
2025-06-27,0,0.0,0.0,0.0,0.0,0.0,0.0
2025-06-30,0,0.0,0.0,0.0,0.0,0.0,0.0
2025-07-01,0,0.0,0.0,0.0,0.0,0.0,0.0
2025-07-02,0,0.0,0.0,0.0,0.0,0.0,0.0
2025-07-03,0,0.0,0.0,0.0,0.0,0.0,0.0
2025-07-04,0,0.0,0.0,0.0,0.0,0.0,0.0
2025-07-07,0,0.0,0.0,0.0,0.0,0.0,0.0
2025-07-08,0,0.0,0.0,0.0,0.0,0.0,0.0
2025-07-09,0,0.0,0.0,0.0,0.0,0.0,0.0
2025-07-10,0,0.0,0.0,0.0,0.0,0.0,0.0
2025-07-11,0,0.0,0.0,0.0,0.0,0.0,0.0
2025-07-14,0,0.0,0.0,0.0,0.0,0.0,0.0
2025-07-15,0,0.0,0.0,0.0,0.0,0.0,0.0
2025-07-16,1,1682605.6011666707,168.26056011666708,0.0,0.0,0.0,-168.26056011666708
2025-07-17,0,0.0,0.0,0.0,34595.62918286618,34595.62918286618,34595.62918286618
2025-07-18,0,0.0,0.0,0.0,-17297.81459143309,-17297.81459143309,-17297.81459143309
2025-07-21,0,0.0,0.0,0.0,144672.63112834923,144672.63112834923,144672.63112834923
2025-07-22,0,0.0,0.0,0.0,119512.17354081011,119512.17354081011,119512.17354081011
2025-07-23,0,0.0,0.0,0.0,-59756.086770405054,-59756.086770405054,-59756.086770405054
2025-07-24,0,0.0,0.0,0.0,150962.74552523403,150962.74552523403,150962.74552523403
2025-07-25,0,0.0,0.0,0.0,86489.07295716545,86489.07295716545,86489.07295716545
2025-07-28,0,0.0,0.0,0.0,-218581.47529174513,-218581.47529174513,-218581.47529174513
2025-07-29,0,0.0,0.0,0.0,-55038.50097274153,-55038.50097274153,-55038.50097274153
2025-07-30,0,0.0,0.0,0.0,4717.585797663523,4717.585797663523,4717.585797663523
2025-07-31,0,0.0,0.0,0.0,-116367.11634236784,-116367.11634236784,-116367.11634236784
2025-08-01,0,0.0,0.0,0.0,-23587.92898831787,-23587.92898831787,-23587.92898831787
2025-08-04,0,0.0,0.0,0.0,-25160.457587538876,-25160.457587538876,-25160.457587538876
2025-08-05,1,1706880.0,170.68800000000002,13266.69863878109,-14152.757392990825,-886.0587542097346,-1056.7467542097347
2025-08-06,0,0.0,0.0,0.0,0.0,0.0,0.0
2025-08-07,0,0.0,0.0,0.0,0.0,0.0,0.0
2025-08-08,0,0.0,0.0,0.0,0.0,0.0,0.0
2025-08-11,1,1699740.0,169.97400000000002,-9710.910824803846,0.0,-9710.910824803846,-9880.884824803847
2025-08-12,0,0.0,0.0,0.0,-8003.047335321962,-8003.047335321962,-8003.047335321962
2025-08-13,1,30106.472186757204,3.0106472186757207,-607.4752257214914,36011.13138109012,35403.656155368626,35400.64550814995
2025-08-14,1,88440.0,8.844000000000001,-494.3730456266121,-8164.467033696783,-8658.840079323396,-8667.684079323395
2025-08-15,1,29660.0,2.966,-233.90006605086455,12902.773794324381,12668.873728273516,12665.907728273516
2025-08-18,1,29474.697952006856,2.9474697952006856,24.299009028859473,-1409.3425236738494,-1385.04351464499,-1387.9909844401907
2025-08-19,0,0.0,0.0,0.0,22938.26452324361,22938.26452324361,22938.26452324361
2025-08-20,1,29110.212816573956,2.911021281657396,874.7643250389501,48743.812111892636,49618.57643693159,49615.66541564993
2025-08-21,1,113233.38207448635,11.323338207448636,874.7643250389592,8747.643250389683,9622.407575428642,9611.084237221194
2025-08-22,0,0.0,0.0,0.0,-26437.321823399398,-26437.321823399398,-26437.321823399398
2025-08-25,0,0.0,0.0,0.0,-27992.458401246404,-27992.458401246404,-27992.458401246404
2025-08-26,1,86674.56520594265,8.667456520594266,-1166.3524333852683,27992.458401246404,26826.105967861135,26817.43851134054
2025-08-27,1,56960.0,5.696000000000001,-142.67121782037066,-2964.479101521133,-3107.1503193415037,-3112.8463193415037
2025-08-28,1,28580.0,2.858,-52.96340011867869,1530.8375688184333,1477.8741686997546,1475.0161686997546
2025-08-29,0,0.0,0.0,0.0,-12052.30847831458,-12052.30847831458,-12052.30847831458
2025-09-01,0,0.0,0.0,0.0,67794.23519051878,67794.23519051878,67794.23519051878
2025-09-02,1,110706.28513548494,11.070628513548495,485.98018057720765,4519.615679367862,5005.59585994507,4994.525231431521
2025-09-03,1,27579.375247755794,2.7579375247755795,0.0,-1603.7345959047252,-1603.7345959047252,-1606.4925334295008
2025-09-04,0,0.0,0.0,0.0,-6512.134419734643,-6512.134419734643,-6512.134419734643
2025-09-05,1,27700.0,2.77,1191.521735314218,-81401.68024667984,-80210.15851136562,-80212.92851136562
2025-09-08,1,144600.0,14.46,1680.034353735573,-24056.01893857118,-22375.984584835605,-22390.444584835604
2025-09-09,1,58512.01374149423,5.851201374149423,-583.1762166926273,17786.874609125134,17203.698392432507,17197.847191058358
2025-09-10,1,1700298.8577854307,170.02988577854308,-7168.2076635135445,15770.056859730066,8601.84919621652,8431.819310437977
2025-09-11,0,0.0,0.0,0.0,0.0,0.0,0.0
2025-09-12,0,0.0,0.0,0.0,0.0,0.0,0.0
2025-09-15,0,0.0,0.0,0.0,0.0,0.0,0.0
2025-09-16,0,0.0,0.0,0.0,0.0,0.0,0.0
2025-09-17,0,0.0,0.0,0.0,0.0,0.0,0.0
2025-09-18,0,0.0,0.0,0.0,0.0,0.0,0.0
2025-09-19,0,0.0,0.0,0.0,0.0,0.0,0.0
2025-09-22,0,0.0,0.0,0.0,0.0,0.0,0.0
2025-09-23,0,0.0,0.0,0.0,0.0,0.0,0.0
2025-09-24,0,0.0,0.0,0.0,0.0,0.0,0.0
2025-09-25,0,0.0,0.0,0.0,0.0,0.0,0.0
2025-09-26,0,0.0,0.0,0.0,0.0,0.0,0.0
2025-09-29,0,0.0,0.0,0.0,0.0,0.0,0.0
2025-09-30,0,0.0,0.0,0.0,0.0,0.0,0.0
2025-10-09,1,1765200.0,176.52,10571.579829069105,0.0,10571.579829069105,10395.059829069105
2025-10-10,1,1784519.2230794586,178.45192230794586,24784.989209436935,-16037.345959047525,8747.64325038941,8569.191328081464
2025-10-13,0,0.0,0.0,0.0,0.0,0.0,0.0
2025-10-14,0,0.0,0.0,0.0,0.0,0.0,0.0
2025-10-15,0,0.0,0.0,0.0,0.0,0.0,0.0
2025-10-16,1,1795818.2622778784,179.58182622778784,-15794.355868758954,0.0,-15794.355868758954,-15973.937694986742
2025-10-17,1,55644.73067608879,5.564473067608879,-2429.9009028859746,82130.6505175459,79700.74961465993,79695.18514159232
2025-10-20,1,160227.66553630107,16.022766553630106,1166.3524333852547,6123.350275272587,7289.702708657842,7273.6799421042115
2025-10-21,1,26500.0,2.65,86.97718562947102,6706.5264919652145,6793.5036775946855,6790.853677594686
2025-10-22,0,0.0,0.0,0.0,-11906.514424141142,-11906.514424141142,-11906.514424141142
2025-10-23,1,26600.0,2.66,323.30200397658245,-23813.0288482826,-23489.726844306017,-23492.386844306016
2025-10-24,1,26850.404976890004,2.6850404976890005,-315.8871173751777,26826.10596786117,26510.218850485995,26507.533809988305
2025-10-27,1,26520.0,2.652,-87.41488660140476,-4956.9978418873325,-5044.412728488737,-5047.064728488737
2025-10-28,0,0.0,0.0,0.0,-30179.36921384378,-30179.36921384378,-30179.36921384378
2025-10-29,1,54089.59409824176,5.408959409824176,680.3722528080743,-23472.842721878565,-22792.47046907049,-22797.879428480315
2025-10-30,1,54526.976260761236,5.452697626076124,-1506.5385597893055,58609.209777609656,57102.67121782035,57097.21852019428
2025-10-31,1,132551.09425242984,13.255109425242985,971.9603611544017,12635.48469500722,13607.445056161621,13594.189946736378
2025-11-03,1,26340.125787283945,2.634012578728395,-218.6910812597398,-17009.306320201948,-17227.99740146169,-17230.631414040417
2025-11-04,1,53160.0,5.316,540.8099537800081,-20702.755692588595,-20161.945738808587,-20167.261738808586
2025-11-05,1,26880.0,2.688,-223.9870953408763,13413.052983930742,13189.065888589867,13186.377888589866
2025-11-06,1,26704.61092271684,2.6704610922716845,-48.598018057718946,-6609.330455849777,-6657.928473907496,-6660.598934999767
2025-11-07,1,26728.9099317457,2.6728909931745704,-218.69108125973526,16766.316229913034,16547.6251486533,16544.952257660127
2025-11-10,1,53000.0,5.3,1048.7186962978922,36351.317507174084,37400.03620347197,37394.73620347197
2025-11-11,1,51920.0,5.192,746.2869852214044,27214.89011232293,27961.177097544336,27955.985097544337
2025-11-12,1,76680.0,7.668,211.0185861784339,6998.114600311856,7209.1331864902895,7201.46518649029
2025-11-13,0,0.0,0.0,0.0,-12756.979740151564,-12756.979740151564,-12756.979740151564
2025-11-14,1,25659.753534475876,2.5659753534475875,-583.1762166926364,43738.216251947735,43155.0400352551,43152.47405990165
2025-11-17,1,100240.0,10.024000000000001,225.27883721335456,5394.380004406803,5619.658841620158,5609.634841620157
2025-11-18,0,0.0,0.0,0.0,22743.872451012467,22743.872451012467,22743.872451012467
2025-11-19,1,49521.38040081613,4.952138040081613,485.98018057719855,15162.581634008666,15648.561814585864,15643.609676545782
2025-11-20,1,24500.0,2.45,468.28007045772665,38878.41444617552,39346.694516633244,39344.24451663325
2025-11-21,1,72386.74789697313,7.238674789697313,437.3821625194705,3936.4394626752346,4373.821625194705,4366.582950405008
2025-11-24,1,24007.420920513414,2.4007420920513414,-607.4752257214914,-53069.035719029474,-53676.51094475097,-53678.91168684302
2025-11-25,1,123200.0,12.32,-4.024223681176409,-2065.415767453055,-2069.4399911342316,-2081.7599911342318
2025-11-26,0,0.0,0.0,0.0,-44710.17661310216,-44710.17661310216,-44710.17661310216
2025-11-27,1,75660.0,7.566000000000001,225.80519712893874,-7775.682889235031,-7549.877692106093,-7557.443692106092
2025-11-28,1,25320.0,2.532,266.8565073892978,-22452.284342666502,-22185.427835277205,-22187.959835277205
2025-12-01,1,51200.0,5.12,-852.4532922026356,31394.319665286785,30541.86637308415,30536.746373084152
2025-12-02,1,1864800.0,186.48000000000002,-5537.025147768718,3596.253336271202,-1940.771811497516,-2127.251811497516
2025-12-03,0,0.0,0.0,0.0,0.0,0.0,0.0
2025-12-04,0,0.0,0.0,0.0,0.0,0.0,0.0
2025-12-05,0,0.0,0.0,0.0,0.0,0.0,0.0
2025-12-08,0,0.0,0.0,0.0,0.0,0.0,0.0
2025-12-09,1,1921280.0,192.12800000000001,32372.234132559897,0.0,32372.234132559897,32180.106132559897
2025-12-10,1,71700.0,7.17,1427.265888537654,38392.43426559833,39819.70015413598,39812.53015413598
2025-12-11,1,70564.32221980866,7.056432221980867,874.7643250389547,15940.149922932187,16814.91424797114,16807.85781574916
2025-12-12,1,46508.303281237524,4.650830328123752,1069.156397269826,43373.731116514544,44442.88751378437,44438.23668345625
2025-12-15,1,91169.88187628171,9.116988187628172,-1166.352433385273,-31710.206782662008,-32876.55921604728,-32885.67620423491
2025-12-16,1,69252.17573222815,6.925217573222815,-66.65271966528053,2021.7991638501508,1955.1464441848702,1948.2212266116474
2025-12-17,0,0.0,0.0,0.0,0.0,0.0,0.0
2025-12-18,0,0.0,0.0,0.0,-46923.51464435829,-46923.51464435829,-46923.51464435829
2025-12-19,1,94024.76987449134,9.402476987449134,-1510.7949790797284,41058.075313813606,39547.28033473388,39537.877857746425
2025-12-22,1,92400.0,9.24,774.728033458814,18662.76150627893,19437.489539737744,19428.249539737742
2025-12-23,1,22950.753138078817,2.2950753138078817,111.08786610880543,5865.439330545087,5976.527196653892,5974.232121340085
2025-12-24,1,22861.882845191776,2.2861882845191777,-422.13389121345244,-39547.28033473433,-39969.41422594778,-39971.7004142323
2025-12-25,1,93200.0,9.32,-152.80334726612637,1999.5815899584159,1846.7782426922895,1837.4582426922896
2025-12-26,0,0.0,0.0,0.0,-19107.112970714144,-19107.112970714144,-19107.112970714144
2025-12-29,1,23372.88702929227,2.337288702929227,-22.217573221760176,11464.267782428642,11442.050209206882,11439.712920503953
2025-12-30,1,1982918.4100421437,198.29184100421438,69874.2677824373,-67985.77405858769,1888.4937238496059,1690.2018828453915
2025-12-31,0,0.0,0.0,0.0,0.0,0.0,0.0
2026-01-05,0,0.0,0.0,0.0,0.0,0.0,0.0
2026-01-06,0,0.0,0.0,0.0,0.0,0.0,0.0
2026-01-07,0,0.0,0.0,0.0,0.0,0.0,0.0
2026-01-08,0,0.0,0.0,0.0,0.0,0.0,0.0
2026-01-09,1,2017080.0,201.708,-34561.50627584807,0.0,-34561.50627584807,-34763.21427584807
2026-01-12,0,0.0,0.0,0.0,-1732.9707112972937,-1732.9707112972937,-1732.9707112972937
2026-01-13,0,0.0,0.0,0.0,-81449.62343097458,-81449.62343097458,-81449.62343097458
2026-01-14,0,0.0,0.0,0.0,0.0,0.0,0.0
2026-01-15,0,0.0,0.0,0.0,-17329.707112973647,-17329.707112973647,-17329.707112973647
2026-01-16,0,0.0,0.0,0.0,29460.502092054703,29460.502092054703,29460.502092054703
2026-01-19,1,1911466.694560961,191.1466694560961,57188.03347281211,-57188.03347281211,0.0,-191.1466694560961
2026-01-20,0,0.0,0.0,0.0,0.0,0.0,0.0
2026-01-21,0,0.0,0.0,0.0,0.0,0.0,0.0
2026-01-22,0,0.0,0.0,0.0,0.0,0.0,0.0
2026-01-23,0,0.0,0.0,0.0,0.0,0.0,0.0
2026-01-26,1,1896492.0502094945,189.64920502094947,-35548.11715481701,0.0,-35548.11715481701,-35737.76635983796
2026-01-27,1,72540.0,7.2540000000000004,-1488.2008368092374,37325.523012557824,35837.32217574859,35830.06817574859
2026-01-28,1,71118.45188285604,7.111845188285605,0.0,-1710.7531380755336,-1710.7531380755336,-1717.864983263819
2026-01-29,0,0.0,0.0,0.0,-35548.11715481701,-35548.11715481701,-35548.11715481701
2026-01-30,1,1934400.0,193.44,-57459.41422565484,55099.58158996633,-2359.832635688508,-2553.272635688508
2026-02-02,0,0.0,0.0,0.0,0.0,0.0,0.0
2026-02-03,0,0.0,0.0,0.0,0.0,0.0,0.0
2026-02-04,0,0.0,0.0,0.0,0.0,0.0,0.0
2026-02-05,0,0.0,0.0,0.0,0.0,0.0,0.0
2026-02-06,0,0.0,0.0,0.0,0.0,0.0,0.0
2026-02-09,0,0.0,0.0,0.0,0.0,0.0,0.0
2026-02-10,0,0.0,0.0,0.0,0.0,0.0,0.0
2026-02-11,0,0.0,0.0,0.0,0.0,0.0,0.0
2026-02-12,0,0.0,0.0,0.0,0.0,0.0,0.0
2026-02-13,0,0.0,0.0,0.0,0.0,0.0,0.0
2026-02-24,0,0.0,0.0,0.0,0.0,0.0,0.0
2026-02-25,0,0.0,0.0,0.0,0.0,0.0,0.0
2026-02-26,0,0.0,0.0,0.0,0.0,0.0,0.0
2026-02-27,0,0.0,0.0,0.0,0.0,0.0,0.0
2026-03-02,0,0.0,0.0,0.0,0.0,0.0,0.0
2026-03-03,1,1852800.0,185.28,-20585.774058863535,0.0,-20585.774058863535,-20771.054058863534
2026-03-04,1,23439.539748957555,2.3439539748957556,-377.6987447699321,28438.493723853753,28060.79497908382,28058.451025108927
2026-03-05,1,46168.11715481876,4.616811715481877,-710.9623430963438,-29838.200836824635,-30549.16317992098,-30553.77999163646
2026-03-06,1,46920.0,4.692,1381.0041841077873,-57587.94979080348,-56206.94560669569,-56211.637606695695
2026-03-09,0,0.0,0.0,0.0,-29838.200836824635,-29838.200836824635,-29838.200836824635
2026-03-10,1,1935972.677824563,193.59726778245633,-47390.08368201554,49145.27196653458,1755.1882845190412,1561.5910167365848
2026-03-11,0,0.0,0.0,0.0,0.0,0.0,0.0
2026-03-12,0,0.0,0.0,0.0,0.0,0.0,0.0
2026-03-13,0,0.0,0.0,0.0,0.0,0.0,0.0
2026-03-16,0,0.0,0.0,0.0,0.0,0.0,0.0
2026-03-17,0,0.0,0.0,0.0,0.0,0.0,0.0
2026-03-18,0,0.0,0.0,0.0,0.0,0.0,0.0
2026-03-19,0,0.0,0.0,0.0,0.0,0.0,0.0
2026-03-20,0,0.0,0.0,0.0,0.0,0.0,0.0
2026-03-23,0,0.0,0.0,0.0,0.0,0.0,0.0
2026-03-24,0,0.0,0.0,0.0,0.0,0.0,0.0
2026-03-25,0,0.0,0.0,0.0,0.0,0.0,0.0
2026-03-26,0,0.0,0.0,0.0,0.0,0.0,0.0
2026-03-27,0,0.0,0.0,0.0,0.0,0.0,0.0
2026-03-30,1,1766208.20083709,176.620820083709,10131.213389122986,0.0,10131.213389122986,9954.592569039278
2026-03-31,0,0.0,0.0,0.0,35459.24686193028,35459.24686193028,35459.24686193028
2026-04-01,1,90480.0,9.048,1698.5774058441893,33770.71129707616,35469.28870292035,35460.240702920346
2026-04-02,1,66852.677824278,6.6852677824278,66.65271966529417,-5332.217573222442,-5265.564853557148,-5272.250121339576
2026-04-03,1,22280.0,2.228,-573.4309623397849,46101.4644351535,45528.03347281372,45525.805472813714
2026-04-07,1,86826.27615064086,8.682627615064087,710.9623430963256,14574.728033474676,15285.690376571001,15277.007748955937
2026-04-08,1,43279.83263598987,4.327983263598988,-177.7405857740905,-17196.401673642766,-17374.142259416854,-17378.470242680454
2026-04-09,1,43190.96234310283,4.319096234310283,-88.8702928870407,15641.171548119564,15552.301255232524,15547.982158998213
2026-04-10,1,43235.39748954635,4.3235397489546346,444.3514644352126,13374.979079500017,13819.33054393523,13815.007004186275
2026-04-13,1,21439.95815899909,2.143995815899909,177.74058577408596,11730.878661089773,11908.619246863858,11906.475251047957
2026-04-14,1,21262.217573225003,2.1262217573225004,-133.3054393305656,-11864.184100420338,-11997.489539750903,-11999.615761508225
2026-04-15,1,21417.740585777326,2.1417740585777327,155.52301255232578,-15996.652719667736,-15841.129707115411,-15843.27148117399
2026-04-16,1,21600.0,2.16,-359.99999999675765,29660.460251050645,29300.460251053886,29298.300251053886
2026-04-17,1,42480.0,4.248,-640.0,-28159.999999714673,-28799.999999714673,-28804.247999714673
2026-04-20,1,43120.0,4.312,520.0,-23400.0,-22880.0,-22884.312
2026-04-21,1,43440.0,4.344,-360.0,24640.0,24280.0,24275.656
2026-04-22,1,43080.0,4.308,-440.0,-18920.0,-19360.0,-19364.308
2026-04-23,1,1916640.0,191.66400000000002,-8800.0,7040.0,-1760.0,-1951.664
2026-04-24,0,0.0,0.0,0.0,0.0,0.0,0.0
2026-04-27,1,1875720.0,187.572,8700.0,0.0,8700.0,8512.428
2026-04-28,0,0.0,0.0,0.0,53940.0,53940.0,53940.0
2026-04-29,1,125400.0,12.540000000000001,1080.0,10440.0,11520.0,11507.46
2026-04-30,1,20720.0,2.072,-420.0,-39060.0,-39480.0,-39482.072
2026-05-06,1,84640.0,8.464,720.0,-18800.0,-18080.0,-18088.464
2026-05-07,1,42600.0,4.26,520.0,-19800.0,-19280.0,-19284.26
2026-05-08,1,1892000.0,189.20000000000002,-35200.0,40480.0,5280.0,5090.8
2026-05-11,0,0.0,0.0,0.0,0.0,0.0,0.0
2026-05-12,0,0.0,0.0,0.0,0.0,0.0,0.0
2026-05-13,0,0.0,0.0,0.0,0.0,0.0,0.0
2026-05-14,0,0.0,0.0,0.0,0.0,0.0,0.0
2026-05-15,0,0.0,0.0,0.0,0.0,0.0,0.0
2026-05-18,1,1870200.0,187.02,1800.0,0.0,1800.0,1612.98
2026-05-19,0,0.0,0.0,0.0,30600.0,30600.0,30600.0
2026-05-20,1,61500.0,6.15,720.0,14400.0,15120.0,15113.85
2026-05-21,1,40480.0,4.048,-640.0,-27900.0,-28540.0,-28544.048
2026-05-22,1,61680.0,6.168,-480.0,15200.0,14720.0,14713.832
2026-05-25,1,20460.0,2.0460000000000003,-420.0,-44160.0,-44580.0,-44582.046
2026-05-26,1,83440.0,8.344000000000001,-1600.0,39060.0,37460.0,37451.656
2026-05-27,1,81760.0,8.176,-1200.0,-24920.0,-26120.0,-26128.176
2026-05-28,1,62220.0,6.222,60.0,-1860.0,-1800.0,-1806.222
2026-05-29,0,0.0,0.0,0.0,-34200.0,-34200.0,-34200.0
2026-06-01,1,1904400.0,190.44,-3600.0,1800.0,-1800.0,-1990.44
2026-06-02,0,0.0,0.0,0.0,0.0,0.0,0.0
2026-06-03,0,0.0,0.0,0.0,0.0,0.0,0.0
2026-06-04,0,0.0,0.0,0.0,0.0,0.0,0.0
2026-06-05,0,0.0,0.0,0.0,0.0,0.0,0.0
2026-06-08,0,0.0,0.0,0.0,0.0,0.0,0.0
2026-06-09,1,1825460.0,182.54600000000002,14560.0,0.0,14560.0,14377.454
2026-06-10,1,39760.0,3.976,200.0,10920.0,11120.0,11116.024
2026-06-11,1,19800.0,1.9800000000000002,-20.0,-3720.0,-3740.0,-3741.98
2026-06-12,0,0.0,0.0,0.0,7520.0,7520.0,7520.0
2026-06-15,0,0.0,0.0,0.0,-50760.0,-50760.0,-50760.0
2026-06-16,1,101500.0,10.15,-1100.0,18800.0,17700.0,17689.85
2026-06-17,1,40160.0,4.016,320.0,14240.0,14560.0,14555.984
2026-06-18,1,39800.0,3.98,680.0,32760.0,33440.0,33436.02
2026-06-22,1,58620.0,5.862,0.0,1860.0,1860.0,1854.138
2026-06-23,0,0.0,0.0,0.0,19200.0,19200.0,19200.0
2026-06-24,1,38680.0,3.8680000000000003,-240.0,-11520.0,-11760.0,-11763.868
2026-06-25,1,19480.0,1.9480000000000002,20.0,-3920.0,-3900.0,-3901.948
2026-06-26,0,0.0,0.0,0.0,13580.0,13580.0,13580.0
2026-06-29,1,19400.0,1.9400000000000002,-160.0,-19400.0,-19560.0,-19561.94
2026-06-30,1,39160.0,3.9160000000000004,-160.0,5880.0,5720.0,5716.084
