datetime,cash,pos,equity,peak,dd
2026-04-14 01:30:00,299978.0,-1,299958.0,299958.0,0.0
2026-04-14 02:00:00,299978.0,-1,299898.0,299958.0,-0.02000280039205489
2026-04-14 02:45:00,299978.0,-1,299898.0,299958.0,-0.02000280039205489
2026-04-14 03:15:00,299978.0,-1,299918.0,299958.0,-0.013335200261369926
2026-04-14 05:45:00,299978.0,-1,299918.0,299958.0,-0.013335200261369926
2026-04-14 06:15:00,299978.0,-1,299898.0,299958.0,-0.02000280039205489
2026-04-14 06:45:00,299978.0,-1,299918.0,299958.0,-0.013335200261369926
2026-04-14 13:00:00,299978.0,-1,299858.0,299958.0,-0.033338000653424814
2026-04-14 13:30:00,299978.0,-1,299938.0,299958.0,-0.006667600130684963
2026-04-14 14:00:00,299978.0,-1,299938.0,299958.0,-0.006667600130684963
2026-04-14 14:30:00,299978.0,-1,299938.0,299958.0,-0.006667600130684963
2026-04-15 01:00:00,299978.0,-1,300018.0,300018.0,0.0
2026-04-15 01:30:00,299978.0,-1,299938.0,300018.0,-0.026665066762660904
2026-04-15 02:00:00,299978.0,-1,299898.0,300018.0,-0.03999760014399136
2026-04-15 02:45:00,299978.0,-1,299958.0,300018.0,-0.01999880007199568
2026-04-15 03:15:00,299978.0,-1,299918.0,300018.0,-0.03333133345332613
2026-04-15 05:45:00,299978.0,-1,299938.0,300018.0,-0.026665066762660904
2026-04-15 06:15:00,299978.0,-1,299898.0,300018.0,-0.03999760014399136
2026-04-15 06:45:00,299978.0,-1,299858.0,300018.0,-0.05333013352532181
2026-04-15 13:00:00,299978.0,-1,299958.0,300018.0,-0.01999880007199568
2026-04-15 13:30:00,299978.0,-1,299998.0,300018.0,-0.006666266690665226
2026-04-15 14:00:00,299978.0,-1,300018.0,300018.0,0.0
2026-04-15 14:30:00,299978.0,-1,299978.0,300018.0,-0.013332533381330452
2026-04-16 01:00:00,299978.0,-1,300098.0,300098.0,0.0
2026-04-16 01:30:00,299978.0,-1,300118.0,300118.0,0.0
2026-04-16 02:00:00,299978.0,-1,300098.0,300118.0,-0.006664045475446324
2026-04-16 02:45:00,299978.0,-1,300158.0,300158.0,0.0
2026-04-16 03:15:00,299978.0,-1,300118.0,300158.0,-0.0133263148075347
2026-04-16 05:45:00,299978.0,-1,300178.0,300178.0,0.0
2026-04-16 06:15:00,299978.0,-1,300158.0,300178.0,-0.006662713456682368
2026-04-16 06:45:00,299978.0,-1,300058.0,300178.0,-0.03997628074009421
2026-04-16 13:00:00,299978.0,-1,300298.0,300298.0,0.0
2026-04-16 13:30:00,299978.0,-1,300278.0,300298.0,-0.006660051015990783
2026-04-16 14:00:00,299978.0,-1,300278.0,300298.0,-0.006660051015990783
2026-04-16 14:30:00,299978.0,-1,300278.0,300298.0,-0.006660051015990783
2026-04-17 01:00:00,299978.0,-1,300118.0,300298.0,-0.05994045914391704
2026-04-17 01:30:00,299978.0,-1,300178.0,300298.0,-0.0399603060959447
2026-04-17 02:00:00,299978.0,-1,300118.0,300298.0,-0.05994045914391704
2026-04-17 02:45:00,299978.0,-1,299638.0,300298.0,-0.21978168352769584
2026-04-17 03:15:00,299978.0,-1,299658.0,300298.0,-0.21312163251170504
2026-04-17 05:45:00,299978.0,-1,299738.0,300298.0,-0.1864814284477419
2026-04-17 06:15:00,299978.0,-1,299678.0,300298.0,-0.20646158149571428
2026-04-17 06:45:00,299978.0,-1,299738.0,300298.0,-0.1864814284477419
2026-04-17 13:00:00,299978.0,-1,299658.0,300298.0,-0.21312163251170504
2026-04-17 13:30:00,299978.0,-1,299678.0,300298.0,-0.20646158149571428
2026-04-17 14:00:00,299978.0,-1,299698.0,300298.0,-0.1998015304797235
2026-04-17 14:30:00,299978.0,-1,299698.0,300298.0,-0.1998015304797235
2026-04-20 01:00:00,299978.0,-1,299658.0,300298.0,-0.21312163251170504
2026-04-20 01:30:00,299978.0,-1,299678.0,300298.0,-0.20646158149571428
2026-04-20 02:00:00,299614.0,1,299574.0,300298.0,-0.24109384677886633
2026-04-20 02:45:00,299614.0,1,299714.0,300298.0,-0.19447348966693084
2026-04-20 03:15:00,299614.0,1,299734.0,300298.0,-0.18781343865094008
2026-04-20 05:45:00,299614.0,1,299734.0,300298.0,-0.18781343865094008
2026-04-20 06:15:00,299614.0,1,299794.0,300298.0,-0.1678332856029677
2026-04-20 06:45:00,299614.0,1,299794.0,300298.0,-0.1678332856029677
2026-04-20 13:00:00,299614.0,1,299714.0,300298.0,-0.19447348966693084
2026-04-20 13:30:00,299670.0,-1,299630.0,300298.0,-0.2224457039340921
2026-04-20 14:00:00,299670.0,-1,299610.0,300298.0,-0.22910575495008295
2026-04-20 14:30:00,299670.0,-1,299610.0,300298.0,-0.22910575495008295
2026-04-21 01:00:00,299670.0,-1,299750.0,300298.0,-0.18248539783814743
2026-04-21 01:30:00,299670.0,-1,299730.0,300298.0,-0.18914544885413823
2026-04-21 02:00:00,299670.0,-1,299750.0,300298.0,-0.18248539783814743
2026-04-21 02:45:00,299670.0,-1,299690.0,300298.0,-0.20246555088611978
2026-04-21 03:15:00,299670.0,-1,299830.0,300298.0,-0.15584519377418432
2026-04-21 05:45:00,299670.0,-1,299930.0,300298.0,-0.12254493869423039
2026-04-21 06:15:00,299670.0,-1,299870.0,300298.0,-0.14252509174220276
2026-04-21 06:45:00,299670.0,-1,299870.0,300298.0,-0.14252509174220276
2026-04-21 13:00:00,299670.0,-1,299890.0,300298.0,-0.13586504072621194
2026-04-21 13:30:00,299670.0,-1,299830.0,300298.0,-0.15584519377418432
2026-04-21 14:00:00,299670.0,-1,299830.0,300298.0,-0.15584519377418432
2026-04-21 14:30:00,299670.0,-1,299830.0,300298.0,-0.15584519377418432
2026-04-22 01:00:00,299670.0,-1,299810.0,300298.0,-0.16250524479017509
2026-04-22 01:30:00,299670.0,-1,299750.0,300298.0,-0.18248539783814743
2026-04-22 02:00:00,299670.0,-1,299750.0,300298.0,-0.18248539783814743
2026-04-22 02:45:00,299670.0,-1,299670.0,300298.0,-0.20912560190211055
2026-04-22 03:15:00,299670.0,-1,299710.0,300298.0,-0.195805499870129
2026-04-22 05:45:00,299670.0,-1,299730.0,300298.0,-0.18914544885413823
2026-04-22 06:15:00,299670.0,-1,299710.0,300298.0,-0.195805499870129
2026-04-22 06:45:00,299670.0,-1,299650.0,300298.0,-0.21578565291810134
2026-04-22 13:00:00,299670.0,-1,299490.0,300298.0,-0.2690660610460276
2026-04-22 13:30:00,299466.0,1,299626.0,300298.0,-0.22377771413729028
2026-04-22 14:00:00,299466.0,1,299526.0,300298.0,-0.25707796921724424
2026-04-22 14:30:00,299466.0,1,299526.0,300298.0,-0.25707796921724424
2026-04-23 01:00:00,299466.0,1,299466.0,300298.0,-0.2770581222652166
2026-04-23 01:30:00,299466.0,1,299346.0,300298.0,-0.31701842836116123
2026-04-23 02:00:00,299466.0,1,299326.0,300298.0,-0.323678479377152
2026-04-23 02:45:00,299466.0,1,299306.0,300298.0,-0.3303385303931428
2026-04-23 03:15:00,299282.0,-1,299242.0,300298.0,-0.3516506936443133
2026-04-23 05:45:00,299198.0,1,299118.0,300298.0,-0.39294300994345616
2026-04-23 06:15:00,299198.0,1,299118.0,300298.0,-0.39294300994345616
2026-04-23 06:45:00,299074.0,-1,299114.0,300298.0,-0.39427502014665433
2026-04-23 13:00:00,299074.0,-1,299034.0,300298.0,-0.42091522421061744
2026-04-23 13:30:00,299074.0,-1,299034.0,300298.0,-0.42091522421061744
2026-04-23 14:00:00,299074.0,-1,299054.0,300298.0,-0.4142551731946267
2026-04-23 14:30:00,299010.0,1,299010.0,300298.0,-0.42890728542980644
2026-04-24 01:00:00,299010.0,1,299050.0,300298.0,-0.41558718339782486
2026-04-24 01:30:00,299010.0,1,298870.0,300298.0,-0.47552764254174185
2026-04-24 02:00:00,299010.0,1,298910.0,300298.0,-0.46220754050976026
2026-04-24 02:45:00,299010.0,1,298950.0,300298.0,-0.44888743847777873
2026-04-24 03:15:00,299010.0,1,298930.0,300298.0,-0.45554748949376955
2026-04-24 05:45:00,299010.0,1,298930.0,300298.0,-0.45554748949376955
2026-04-24 06:15:00,299010.0,1,298870.0,300298.0,-0.47552764254174185
2026-04-24 06:45:00,299010.0,1,298850.0,300298.0,-0.48218769355773267
2026-04-24 13:00:00,299010.0,1,299010.0,300298.0,-0.42890728542980644
2026-04-24 13:30:00,299010.0,1,298930.0,300298.0,-0.45554748949376955
2026-04-24 14:00:00,299010.0,1,298910.0,300298.0,-0.46220754050976026
2026-04-24 14:30:00,299010.0,1,298950.0,300298.0,-0.44888743847777873
2026-04-27 01:00:00,299010.0,1,298750.0,300298.0,-0.5154879486376865
2026-04-27 01:30:00,298706.0,-1,298606.0,300298.0,-0.5634403159528202
2026-04-27 02:00:00,298706.0,-1,298606.0,300298.0,-0.5634403159528202
2026-04-27 02:45:00,298706.0,-1,298606.0,300298.0,-0.5634403159528202
2026-04-27 03:15:00,298706.0,-1,298586.0,300298.0,-0.5701003669688111
2026-04-27 05:45:00,298706.0,-1,298666.0,300298.0,-0.5434601629048478
2026-04-27 06:15:00,298706.0,-1,298726.0,300298.0,-0.5234800098568755
2026-04-27 06:45:00,298706.0,-1,298726.0,300298.0,-0.5234800098568755
2026-04-27 13:00:00,298706.0,-1,298826.0,300298.0,-0.49017975477692155
2026-04-27 13:30:00,298706.0,-1,299006.0,300298.0,-0.4302392956330046
2026-04-27 14:00:00,298706.0,-1,299006.0,300298.0,-0.4302392956330046
2026-04-27 14:30:00,298706.0,-1,299066.0,300298.0,-0.4102591425850322
2026-04-28 01:00:00,298706.0,-1,299226.0,300298.0,-0.35697873445710593
2026-04-28 01:30:00,298706.0,-1,299366.0,300298.0,-0.31035837734517047
2026-04-28 02:00:00,298706.0,-1,299386.0,300298.0,-0.3036983263291797
2026-04-28 02:45:00,298706.0,-1,299346.0,300298.0,-0.31701842836116123
2026-04-28 03:15:00,298706.0,-1,299306.0,300298.0,-0.3303385303931428
2026-04-28 05:45:00,298706.0,-1,299346.0,300298.0,-0.31701842836116123
2026-04-28 06:15:00,298706.0,-1,299306.0,300298.0,-0.3303385303931428
2026-04-28 06:45:00,298706.0,-1,299346.0,300298.0,-0.31701842836116123
2026-04-28 13:00:00,298706.0,-1,299386.0,300298.0,-0.3036983263291797
2026-04-28 13:30:00,298706.0,-1,299306.0,300298.0,-0.3303385303931428
2026-04-28 14:00:00,298706.0,-1,299326.0,300298.0,-0.323678479377152
2026-04-28 14:30:00,298706.0,-1,299406.0,300298.0,-0.2970382753131889
2026-04-29 01:00:00,298706.0,-1,299426.0,300298.0,-0.2903782242971981
2026-04-29 01:30:00,298706.0,-1,299426.0,300298.0,-0.2903782242971981
2026-04-29 02:00:00,299382.0,1,299382.0,300298.0,-0.3050303365323778
2026-04-29 02:45:00,299382.0,1,299382.0,300298.0,-0.3050303365323778
2026-04-29 03:15:00,299382.0,1,299402.0,300298.0,-0.29837028551638706
2026-04-29 05:45:00,299338.0,-1,299358.0,300298.0,-0.3130223977515668
2026-04-29 06:15:00,299338.0,-1,299378.0,300298.0,-0.306362346735576
2026-04-29 06:45:00,299338.0,-1,299378.0,300298.0,-0.306362346735576
2026-04-29 13:00:00,299338.0,-1,299478.0,300298.0,-0.27306209165562206
2026-04-29 13:30:00,299338.0,-1,299458.0,300298.0,-0.27972214267161283
2026-04-29 14:00:00,299338.0,-1,299498.0,300298.0,-0.2664020406396313
2026-04-29 14:30:00,299338.0,-1,299518.0,300298.0,-0.25974198962364053
2026-04-30 01:00:00,299338.0,-1,299358.0,300298.0,-0.3130223977515668
2026-04-30 01:30:00,299338.0,-1,299358.0,300298.0,-0.3130223977515668
2026-04-30 02:00:00,299338.0,-1,299398.0,300298.0,-0.29970229571958523
2026-04-30 02:45:00,299338.0,-1,299058.0,300298.0,-0.41292316299142856
2026-04-30 03:15:00,299338.0,-1,298978.0,300298.0,-0.4395633670553917
2026-04-30 05:45:00,299338.0,-1,299038.0,300298.0,-0.41958321400741927
2026-04-30 06:15:00,299338.0,-1,298958.0,300298.0,-0.4462234180713824
2026-04-30 06:45:00,299338.0,-1,298958.0,300298.0,-0.4462234180713824
2026-05-06 01:00:00,299338.0,-1,298838.0,300298.0,-0.48618372416732714
2026-05-06 01:30:00,299338.0,-1,298758.0,300298.0,-0.5128239282312903
2026-05-06 02:00:00,299338.0,-1,298778.0,300298.0,-0.5061638772152994
2026-05-06 02:45:00,298734.0,1,298654.0,300298.0,-0.5474561935144423
2026-05-06 03:15:00,298734.0,1,298674.0,300298.0,-0.5407961424984515
2026-05-06 05:45:00,298734.0,1,298714.0,300298.0,-0.52747604046647
2026-05-06 06:15:00,298734.0,1,298734.0,300298.0,-0.5208159894504791
2026-05-06 06:45:00,298734.0,1,298754.0,300298.0,-0.5141559384344885
2026-05-06 13:00:00,298734.0,1,298654.0,300298.0,-0.5474561935144423
2026-05-06 13:30:00,298734.0,1,298674.0,300298.0,-0.5407961424984515
2026-05-06 14:00:00,298650.0,-1,298630.0,300298.0,-0.5554482547336312
2026-05-06 14:30:00,298650.0,-1,298630.0,300298.0,-0.5554482547336312
2026-05-07 01:00:00,298650.0,-1,298510.0,300298.0,-0.5954085608295759
2026-05-07 01:30:00,298650.0,-1,298670.0,300298.0,-0.5421281527016497
2026-05-07 02:00:00,298626.0,1,298726.0,300298.0,-0.5234800098568755
2026-05-07 02:45:00,298626.0,1,298726.0,300298.0,-0.5234800098568755
2026-05-07 03:15:00,298626.0,1,298826.0,300298.0,-0.49017975477692155
2026-05-07 05:45:00,298626.0,1,298966.0,300298.0,-0.44355939766498614
2026-05-07 06:15:00,298626.0,1,298986.0,300298.0,-0.4368993466489953
2026-05-07 06:45:00,298626.0,1,298926.0,300298.0,-0.45687949969696773
2026-05-07 13:00:00,298626.0,1,298886.0,300298.0,-0.47019960172894926
2026-05-07 13:30:00,298626.0,1,298886.0,300298.0,-0.47019960172894926
2026-05-07 14:00:00,298626.0,1,298886.0,300298.0,-0.47019960172894926
2026-05-07 14:30:00,298626.0,1,298886.0,300298.0,-0.47019960172894926
2026-05-08 01:00:00,298626.0,1,298786.0,300298.0,-0.5034998568089031
2026-05-08 01:30:00,298626.0,1,298846.0,300298.0,-0.48351970376093084
2026-05-08 02:00:00,298626.0,1,298686.0,300298.0,-0.5368001118888571
2026-05-08 02:45:00,298626.0,1,298686.0,300298.0,-0.5368001118888571
2026-05-08 03:15:00,298626.0,1,298546.0,300298.0,-0.5834204690007926
2026-05-08 05:45:00,298626.0,1,298446.0,300298.0,-0.6167207240807464
2026-05-08 06:15:00,298626.0,1,298446.0,300298.0,-0.6167207240807464
2026-05-08 06:45:00,298626.0,1,298466.0,300298.0,-0.6100606730647556
2026-05-08 13:00:00,298382.0,-1,298222.0,300298.0,-0.6913132954598432
2026-05-08 13:30:00,298382.0,-1,298262.0,300298.0,-0.6779931934278617
2026-05-08 14:00:00,298382.0,-1,298242.0,300298.0,-0.6846532444438524
2026-05-08 14:30:00,298382.0,-1,298302.0,300298.0,-0.66467309139588
2026-05-11 01:00:00,298382.0,-1,298262.0,300298.0,-0.6779931934278617
2026-05-11 01:30:00,298382.0,-1,298142.0,300298.0,-0.7179534995238064
2026-05-11 02:00:00,298382.0,-1,298102.0,300298.0,-0.7312736015557879
2026-05-11 02:45:00,298058.0,1,298138.0,300298.0,-0.7192855097270046
2026-05-11 03:15:00,298058.0,1,298078.0,300298.0,-0.7392656627749769
2026-05-11 05:45:00,298058.0,1,298138.0,300298.0,-0.7192855097270046
2026-05-11 06:15:00,298058.0,1,298138.0,300298.0,-0.7192855097270046
2026-05-11 06:45:00,298058.0,1,298118.0,300298.0,-0.7259455607429953
2026-05-11 13:00:00,298058.0,1,298018.0,300298.0,-0.7592458158229491
2026-05-11 13:30:00,298058.0,1,298098.0,300298.0,-0.7326056117589861
2026-05-11 14:00:00,298058.0,1,298098.0,300298.0,-0.7326056117589861
2026-05-11 14:30:00,298058.0,1,298118.0,300298.0,-0.7259455607429953
2026-05-12 01:00:00,298058.0,1,298138.0,300298.0,-0.7192855097270046
2026-05-12 01:30:00,298094.0,-1,298374.0,300298.0,-0.6406969077383133
2026-05-12 02:00:00,298094.0,-1,298434.0,300298.0,-0.6207167546903409
2026-05-12 02:45:00,298094.0,-1,298434.0,300298.0,-0.6207167546903409
2026-05-12 03:15:00,298094.0,-1,298414.0,300298.0,-0.6273768057063317
2026-05-12 05:45:00,298094.0,-1,298374.0,300298.0,-0.6406969077383133
2026-05-12 06:15:00,298094.0,-1,298434.0,300298.0,-0.6207167546903409
2026-05-12 06:45:00,298094.0,-1,298394.0,300298.0,-0.6340368567223225
2026-05-12 13:00:00,298094.0,-1,298394.0,300298.0,-0.6340368567223225
2026-05-12 13:30:00,298094.0,-1,298254.0,300298.0,-0.680657213834258
2026-05-12 14:00:00,298094.0,-1,298254.0,300298.0,-0.680657213834258
2026-05-12 14:30:00,298094.0,-1,298154.0,300298.0,-0.7139574689142119
2026-05-13 01:00:00,298094.0,-1,298234.0,300298.0,-0.6873172648502487
2026-05-13 01:30:00,298094.0,-1,298214.0,300298.0,-0.6939773158662396
2026-05-13 02:00:00,298094.0,-1,298214.0,300298.0,-0.6939773158662396
2026-05-13 02:45:00,298094.0,-1,298214.0,300298.0,-0.6939773158662396
2026-05-13 03:15:00,298094.0,-1,298354.0,300298.0,-0.647356958754304
2026-05-13 05:45:00,298094.0,-1,298134.0,300298.0,-0.7206175199302026
2026-05-13 06:15:00,298094.0,-1,298174.0,300298.0,-0.7072974178982211
2026-05-13 06:45:00,298094.0,-1,298194.0,300298.0,-0.7006373668822303
2026-05-13 13:00:00,298094.0,-1,298214.0,300298.0,-0.6939773158662396
2026-05-13 13:30:00,298094.0,-1,298294.0,300298.0,-0.6673371118022764
2026-05-13 14:00:00,298094.0,-1,298414.0,300298.0,-0.6273768057063317
2026-05-13 14:30:00,298094.0,-1,298454.0,300298.0,-0.6140567036743501
2026-05-14 01:00:00,298094.0,-1,298434.0,300298.0,-0.6207167546903409
2026-05-14 01:30:00,298094.0,-1,298514.0,300298.0,-0.5940765506263778
2026-05-14 02:00:00,298094.0,-1,298474.0,300298.0,-0.6073966526583594
2026-05-14 02:45:00,298094.0,-1,298654.0,300298.0,-0.5474561935144423
2026-05-14 03:15:00,298094.0,-1,298454.0,300298.0,-0.6140567036743501
2026-05-14 05:45:00,298094.0,-1,298494.0,300298.0,-0.6007366016423685
2026-05-14 06:15:00,298094.0,-1,298514.0,300298.0,-0.5940765506263778
2026-05-14 06:45:00,298094.0,-1,298494.0,300298.0,-0.6007366016423685
2026-05-14 13:00:00,298094.0,-1,298454.0,300298.0,-0.6140567036743501
2026-05-14 13:30:00,298094.0,-1,298474.0,300298.0,-0.6073966526583594
2026-05-14 14:00:00,298094.0,-1,298514.0,300298.0,-0.5940765506263778
2026-05-14 14:30:00,298094.0,-1,298514.0,300298.0,-0.5940765506263778
2026-05-15 01:00:00,298094.0,-1,298494.0,300298.0,-0.6007366016423685
2026-05-15 01:30:00,298094.0,-1,298534.0,300298.0,-0.587416499610387
2026-05-15 02:00:00,298094.0,-1,298554.0,300298.0,-0.5807564485943962
2026-05-15 02:45:00,298094.0,-1,298514.0,300298.0,-0.5940765506263778
2026-05-15 03:15:00,298094.0,-1,298654.0,300298.0,-0.5474561935144423
2026-05-15 05:45:00,298094.0,-1,298714.0,300298.0,-0.52747604046647
2026-05-15 06:15:00,298094.0,-1,298754.0,300298.0,-0.5141559384344885
2026-05-15 06:45:00,298094.0,-1,298774.0,300298.0,-0.5074958874184976
2026-05-15 13:00:00,298094.0,-1,298794.0,300298.0,-0.5008358364025068
2026-05-15 13:30:00,298094.0,-1,298674.0,300298.0,-0.5407961424984515
2026-05-15 14:00:00,298094.0,-1,298734.0,300298.0,-0.5208159894504791
2026-05-15 14:30:00,298094.0,-1,298734.0,300298.0,-0.5208159894504791
2026-05-18 01:00:00,298094.0,-1,299054.0,300298.0,-0.4142551731946267
2026-05-18 01:30:00,298094.0,-1,298874.0,300298.0,-0.47419563233854367
2026-05-18 02:00:00,298094.0,-1,298674.0,300298.0,-0.5407961424984515
2026-05-18 02:45:00,298094.0,-1,298714.0,300298.0,-0.52747604046647
2026-05-18 03:15:00,298094.0,-1,298634.0,300298.0,-0.5541162445304332
2026-05-18 05:45:00,298094.0,-1,298674.0,300298.0,-0.5407961424984515
2026-05-18 06:15:00,298094.0,-1,298734.0,300298.0,-0.5208159894504791
2026-05-18 06:45:00,298094.0,-1,298754.0,300298.0,-0.5141559384344885
2026-05-18 13:00:00,298094.0,-1,298854.0,300298.0,-0.4808556833545345
2026-05-18 13:30:00,298094.0,-1,298834.0,300298.0,-0.48751573437052526
2026-05-18 14:00:00,298094.0,-1,298854.0,300298.0,-0.4808556833545345
2026-05-18 14:30:00,298094.0,-1,298854.0,300298.0,-0.4808556833545345
2026-05-19 01:00:00,298094.0,-1,298954.0,300298.0,-0.44755542827458056
2026-05-19 01:30:00,298094.0,-1,298954.0,300298.0,-0.44755542827458056
2026-05-19 02:00:00,298094.0,-1,299034.0,300298.0,-0.42091522421061744
2026-05-19 02:45:00,298094.0,-1,299094.0,300298.0,-0.40093507116264515
2026-05-19 03:15:00,298094.0,-1,299054.0,300298.0,-0.4142551731946267
2026-05-19 05:45:00,298094.0,-1,299034.0,300298.0,-0.42091522421061744
2026-05-19 06:15:00,298094.0,-1,299114.0,300298.0,-0.39427502014665433
2026-05-19 06:45:00,298094.0,-1,299094.0,300298.0,-0.40093507116264515
2026-05-19 13:00:00,298094.0,-1,299134.0,300298.0,-0.3876149691306635
2026-05-19 13:30:00,298094.0,-1,299054.0,300298.0,-0.4142551731946267
2026-05-19 14:00:00,298094.0,-1,299114.0,300298.0,-0.39427502014665433
2026-05-19 14:30:00,298094.0,-1,299114.0,300298.0,-0.39427502014665433
2026-05-20 01:00:00,298094.0,-1,299134.0,300298.0,-0.3876149691306635
2026-05-20 01:30:00,298094.0,-1,299174.0,300298.0,-0.374294867098682
2026-05-20 02:00:00,298094.0,-1,299214.0,300298.0,-0.3609747650667004
2026-05-20 02:45:00,298094.0,-1,299254.0,300298.0,-0.34765466303471887
2026-05-20 03:15:00,298094.0,-1,299274.0,300298.0,-0.34099461201872805
2026-05-20 05:45:00,298094.0,-1,299234.0,300298.0,-0.35431471405070963
2026-05-20 06:15:00,298094.0,-1,299274.0,300298.0,-0.34099461201872805
2026-05-20 06:45:00,298094.0,-1,299254.0,300298.0,-0.34765466303471887
2026-05-20 13:00:00,298094.0,-1,299194.0,300298.0,-0.3676348160826912
2026-05-20 13:30:00,298094.0,-1,299214.0,300298.0,-0.3609747650667004
2026-05-20 14:00:00,298094.0,-1,299234.0,300298.0,-0.35431471405070963
2026-05-20 14:30:00,298094.0,-1,299254.0,300298.0,-0.34765466303471887
2026-05-21 01:00:00,298094.0,-1,298974.0,300298.0,-0.44089537725858985
2026-05-21 01:30:00,298094.0,-1,298954.0,300298.0,-0.44755542827458056
2026-05-21 02:00:00,298094.0,-1,298774.0,300298.0,-0.5074958874184976
2026-05-21 02:45:00,298094.0,-1,298834.0,300298.0,-0.48751573437052526
2026-05-21 03:15:00,298094.0,-1,298934.0,300298.0,-0.4542154792905714
2026-05-21 05:45:00,298094.0,-1,298894.0,300298.0,-0.46753558132255296
2026-05-21 06:15:00,298094.0,-1,299014.0,300298.0,-0.42757527522660826
2026-05-21 06:45:00,298094.0,-1,298954.0,300298.0,-0.44755542827458056
2026-05-21 13:00:00,298094.0,-1,298914.0,300298.0,-0.46087553030656214
2026-05-21 13:30:00,298094.0,-1,298914.0,300298.0,-0.46087553030656214
2026-05-21 14:00:00,298094.0,-1,298954.0,300298.0,-0.44755542827458056
2026-05-21 14:30:00,298094.0,-1,298934.0,300298.0,-0.4542154792905714
2026-05-22 01:00:00,298094.0,-1,298934.0,300298.0,-0.4542154792905714
2026-05-22 01:30:00,298094.0,-1,299034.0,300298.0,-0.42091522421061744
2026-05-22 02:00:00,298094.0,-1,299114.0,300298.0,-0.39427502014665433
2026-05-22 02:45:00,298094.0,-1,299154.0,300298.0,-0.38095491811467275
2026-05-22 03:15:00,298094.0,-1,299154.0,300298.0,-0.38095491811467275
2026-05-22 05:45:00,298094.0,-1,299134.0,300298.0,-0.3876149691306635
2026-05-22 06:15:00,298094.0,-1,299134.0,300298.0,-0.3876149691306635
2026-05-22 06:45:00,298094.0,-1,299114.0,300298.0,-0.39427502014665433
2026-05-22 13:00:00,298094.0,-1,299114.0,300298.0,-0.39427502014665433
2026-05-22 13:30:00,298094.0,-1,299134.0,300298.0,-0.3876149691306635
2026-05-22 14:00:00,298094.0,-1,299194.0,300298.0,-0.3676348160826912
2026-05-22 14:30:00,298094.0,-1,299134.0,300298.0,-0.3876149691306635
2026-05-25 01:00:00,298094.0,-1,298734.0,300298.0,-0.5208159894504791
2026-05-25 01:30:00,298094.0,-1,298834.0,300298.0,-0.48751573437052526
2026-05-25 02:00:00,298094.0,-1,298754.0,300298.0,-0.5141559384344885
2026-05-25 02:45:00,298094.0,-1,298794.0,300298.0,-0.5008358364025068
2026-05-25 03:15:00,298094.0,-1,298754.0,300298.0,-0.5141559384344885
2026-05-25 05:45:00,298094.0,-1,298694.0,300298.0,-0.5341360914824608
2026-05-25 06:15:00,298094.0,-1,298654.0,300298.0,-0.5474561935144423
2026-05-25 06:45:00,298094.0,-1,298634.0,300298.0,-0.5541162445304332
2026-05-25 13:00:00,298094.0,-1,299014.0,300298.0,-0.42757527522660826
2026-05-25 13:30:00,298094.0,-1,299054.0,300298.0,-0.4142551731946267
2026-05-25 14:00:00,298094.0,-1,299054.0,300298.0,-0.4142551731946267
2026-05-25 14:30:00,298094.0,-1,299014.0,300298.0,-0.42757527522660826
2026-05-26 01:00:00,298094.0,-1,298974.0,300298.0,-0.44089537725858985
2026-05-26 01:30:00,298094.0,-1,298954.0,300298.0,-0.44755542827458056
2026-05-26 02:00:00,298094.0,-1,299014.0,300298.0,-0.42757527522660826
2026-05-26 02:45:00,298094.0,-1,299054.0,300298.0,-0.4142551731946267
2026-05-26 03:15:00,298094.0,-1,298934.0,300298.0,-0.4542154792905714
2026-05-26 05:45:00,298094.0,-1,299094.0,300298.0,-0.40093507116264515
2026-05-26 06:15:00,298094.0,-1,299154.0,300298.0,-0.38095491811467275
2026-05-26 06:45:00,298094.0,-1,299054.0,300298.0,-0.4142551731946267
2026-05-26 13:00:00,298094.0,-1,298994.0,300298.0,-0.434235326242599
2026-05-26 13:30:00,298094.0,-1,298954.0,300298.0,-0.44755542827458056
2026-05-26 14:00:00,298094.0,-1,298874.0,300298.0,-0.47419563233854367
2026-05-26 14:30:00,298094.0,-1,298914.0,300298.0,-0.46087553030656214
2026-05-27 01:00:00,298094.0,-1,298894.0,300298.0,-0.46753558132255296
2026-05-27 01:30:00,298094.0,-1,298814.0,300298.0,-0.4941757853865161
2026-05-27 02:00:00,298094.0,-1,298854.0,300298.0,-0.4808556833545345
2026-05-27 02:45:00,298094.0,-1,298754.0,300298.0,-0.5141559384344885
2026-05-27 03:15:00,298094.0,-1,298694.0,300298.0,-0.5341360914824608
2026-05-27 05:45:00,298094.0,-1,298774.0,300298.0,-0.5074958874184976
2026-05-27 06:15:00,298094.0,-1,298834.0,300298.0,-0.48751573437052526
2026-05-27 06:45:00,298094.0,-1,298774.0,300298.0,-0.5074958874184976
2026-05-27 13:00:00,298094.0,-1,298754.0,300298.0,-0.5141559384344885
2026-05-27 13:30:00,298094.0,-1,298734.0,300298.0,-0.5208159894504791
2026-05-27 14:00:00,298094.0,-1,298714.0,300298.0,-0.52747604046647
2026-05-27 14:30:00,298094.0,-1,298694.0,300298.0,-0.5341360914824608
2026-05-28 01:00:00,298094.0,-1,298794.0,300298.0,-0.5008358364025068
2026-05-28 01:30:00,298094.0,-1,298814.0,300298.0,-0.4941757853865161
2026-05-28 02:00:00,298094.0,-1,298774.0,300298.0,-0.5074958874184976
2026-05-28 02:45:00,298094.0,-1,298754.0,300298.0,-0.5141559384344885
2026-05-28 03:15:00,298094.0,-1,298794.0,300298.0,-0.5008358364025068
2026-05-28 05:45:00,298094.0,-1,298754.0,300298.0,-0.5141559384344885
2026-05-28 06:15:00,298094.0,-1,298754.0,300298.0,-0.5141559384344885
2026-05-28 06:45:00,298094.0,-1,298754.0,300298.0,-0.5141559384344885
2026-05-28 13:00:00,298094.0,-1,298674.0,300298.0,-0.5407961424984515
2026-05-28 13:30:00,298094.0,-1,298614.0,300298.0,-0.5607762955464238
2026-05-28 14:00:00,298094.0,-1,298594.0,300298.0,-0.5674363465624147
2026-05-28 14:30:00,298094.0,-1,298614.0,300298.0,-0.5607762955464238
2026-05-29 01:00:00,298094.0,-1,298554.0,300298.0,-0.5807564485943962
2026-05-29 01:30:00,298094.0,-1,298514.0,300298.0,-0.5940765506263778
2026-05-29 02:00:00,298094.0,-1,298474.0,300298.0,-0.6073966526583594
2026-05-29 02:45:00,298094.0,-1,298534.0,300298.0,-0.587416499610387
2026-05-29 03:15:00,298094.0,-1,298554.0,300298.0,-0.5807564485943962
2026-05-29 05:45:00,298094.0,-1,298554.0,300298.0,-0.5807564485943962
2026-05-29 06:15:00,298094.0,-1,298434.0,300298.0,-0.6207167546903409
2026-05-29 06:45:00,298094.0,-1,298374.0,300298.0,-0.6406969077383133
2026-05-29 13:00:00,298094.0,-1,298334.0,300298.0,-0.6540170097702949
2026-05-29 13:30:00,298094.0,-1,298394.0,300298.0,-0.6340368567223225
2026-05-29 14:00:00,298094.0,-1,298554.0,300298.0,-0.5807564485943962
2026-05-29 14:30:00,298094.0,-1,298494.0,300298.0,-0.6007366016423685
2026-06-01 01:00:00,298094.0,-1,298474.0,300298.0,-0.6073966526583594
2026-06-01 01:30:00,298094.0,-1,298394.0,300298.0,-0.6340368567223225
2026-06-01 02:00:00,298094.0,-1,298414.0,300298.0,-0.6273768057063317
2026-06-01 02:45:00,298094.0,-1,298354.0,300298.0,-0.647356958754304
2026-06-01 03:15:00,298094.0,-1,298394.0,300298.0,-0.6340368567223225
2026-06-01 05:45:00,298094.0,-1,298374.0,300298.0,-0.6406969077383133
2026-06-01 06:15:00,298094.0,-1,298414.0,300298.0,-0.6273768057063317
2026-06-01 06:45:00,298094.0,-1,298394.0,300298.0,-0.6340368567223225
2026-06-01 13:00:00,298094.0,-1,298454.0,300298.0,-0.6140567036743501
2026-06-01 13:30:00,298094.0,-1,298534.0,300298.0,-0.587416499610387
2026-06-01 14:00:00,298094.0,-1,298514.0,300298.0,-0.5940765506263778
2026-06-01 14:30:00,298094.0,-1,298454.0,300298.0,-0.6140567036743501
2026-06-02 01:00:00,298094.0,-1,298534.0,300298.0,-0.587416499610387
2026-06-02 01:30:00,298094.0,-1,298754.0,300298.0,-0.5141559384344885
2026-06-02 02:00:00,298094.0,-1,298714.0,300298.0,-0.52747604046647
2026-06-02 02:45:00,298094.0,-1,298714.0,300298.0,-0.52747604046647
2026-06-02 03:15:00,298094.0,-1,298634.0,300298.0,-0.5541162445304332
2026-06-02 05:45:00,298094.0,-1,298654.0,300298.0,-0.5474561935144423
2026-06-02 06:15:00,298094.0,-1,298654.0,300298.0,-0.5474561935144423
2026-06-02 06:45:00,298094.0,-1,298654.0,300298.0,-0.5474561935144423
2026-06-02 13:00:00,298094.0,-1,298554.0,300298.0,-0.5807564485943962
2026-06-02 13:30:00,298094.0,-1,298554.0,300298.0,-0.5807564485943962
2026-06-02 14:00:00,298094.0,-1,298454.0,300298.0,-0.6140567036743501
2026-06-02 14:30:00,298094.0,-1,298494.0,300298.0,-0.6007366016423685
2026-06-03 01:00:00,298094.0,-1,298554.0,300298.0,-0.5807564485943962
2026-06-03 01:30:00,298094.0,-1,298554.0,300298.0,-0.5807564485943962
2026-06-03 02:00:00,298094.0,-1,298614.0,300298.0,-0.5607762955464238
2026-06-03 02:45:00,298094.0,-1,298534.0,300298.0,-0.587416499610387
2026-06-03 03:15:00,298094.0,-1,298554.0,300298.0,-0.5807564485943962
2026-06-03 05:45:00,298094.0,-1,298534.0,300298.0,-0.587416499610387
2026-06-03 06:15:00,298094.0,-1,298554.0,300298.0,-0.5807564485943962
2026-06-03 06:45:00,298094.0,-1,298534.0,300298.0,-0.587416499610387
2026-06-03 13:00:00,298094.0,-1,298554.0,300298.0,-0.5807564485943962
2026-06-03 13:30:00,298094.0,-1,298594.0,300298.0,-0.5674363465624147
2026-06-03 14:00:00,298094.0,-1,298654.0,300298.0,-0.5474561935144423
2026-06-03 14:30:00,298094.0,-1,298654.0,300298.0,-0.5474561935144423
2026-06-04 01:00:00,298094.0,-1,298774.0,300298.0,-0.5074958874184976
2026-06-04 01:30:00,298094.0,-1,298834.0,300298.0,-0.48751573437052526
2026-06-04 02:00:00,298094.0,-1,298894.0,300298.0,-0.46753558132255296
2026-06-04 02:45:00,298094.0,-1,298934.0,300298.0,-0.4542154792905714
2026-06-04 03:15:00,298094.0,-1,298954.0,300298.0,-0.44755542827458056
2026-06-04 05:45:00,298094.0,-1,298994.0,300298.0,-0.434235326242599
2026-06-04 06:15:00,298094.0,-1,298814.0,300298.0,-0.4941757853865161
2026-06-04 06:45:00,298094.0,-1,298894.0,300298.0,-0.46753558132255296
2026-06-04 13:00:00,298094.0,-1,298934.0,300298.0,-0.4542154792905714
2026-06-04 13:30:00,298094.0,-1,298894.0,300298.0,-0.46753558132255296
2026-06-04 14:00:00,298094.0,-1,298974.0,300298.0,-0.44089537725858985
2026-06-04 14:30:00,298094.0,-1,299014.0,300298.0,-0.42757527522660826
2026-06-05 01:00:00,298094.0,-1,299094.0,300298.0,-0.40093507116264515
2026-06-05 01:30:00,298094.0,-1,299114.0,300298.0,-0.39427502014665433
2026-06-05 02:00:00,298094.0,-1,299134.0,300298.0,-0.3876149691306635
2026-06-05 02:45:00,298094.0,-1,299294.0,300298.0,-0.3343345610027373
2026-06-05 03:15:00,298094.0,-1,299294.0,300298.0,-0.3343345610027373
2026-06-05 05:45:00,298094.0,-1,299374.0,300298.0,-0.3076943569387741
2026-06-05 06:15:00,298094.0,-1,299334.0,300298.0,-0.32101445897075576
2026-06-05 06:45:00,298094.0,-1,299314.0,300298.0,-0.3276745099867465
2026-06-05 13:00:00,298094.0,-1,299414.0,300298.0,-0.2943742549067926
2026-06-05 13:30:00,298094.0,-1,299354.0,300298.0,-0.31435440795476494
2026-06-05 14:00:00,298094.0,-1,299374.0,300298.0,-0.3076943569387741
2026-06-05 14:30:00,298094.0,-1,299294.0,300298.0,-0.3343345610027373
2026-06-08 01:00:00,298094.0,-1,299394.0,300298.0,-0.30103430592278335
2026-06-08 01:30:00,298094.0,-1,299494.0,300298.0,-0.2677340508428295
2026-06-08 02:00:00,298094.0,-1,299454.0,300298.0,-0.281054152874811
2026-06-08 02:45:00,298094.0,-1,299474.0,300298.0,-0.27439410185882024
2026-06-08 03:15:00,298094.0,-1,299374.0,300298.0,-0.3076943569387741
2026-06-08 05:45:00,298094.0,-1,299354.0,300298.0,-0.31435440795476494
2026-06-08 06:15:00,298094.0,-1,299394.0,300298.0,-0.30103430592278335
2026-06-08 06:45:00,298094.0,-1,299434.0,300298.0,-0.28771420389080177
2026-06-08 13:00:00,298094.0,-1,299534.0,300298.0,-0.2544139488108479
2026-06-08 13:30:00,298094.0,-1,299534.0,300298.0,-0.2544139488108479
2026-06-08 14:00:00,298094.0,-1,299534.0,300298.0,-0.2544139488108479
2026-06-08 14:30:00,298094.0,-1,299574.0,300298.0,-0.24109384677886633
2026-06-09 01:00:00,298094.0,-1,299594.0,300298.0,-0.23443379576287554
2026-06-09 01:30:00,298094.0,-1,299594.0,300298.0,-0.23443379576287554
2026-06-09 02:00:00,298094.0,-1,299514.0,300298.0,-0.26107399982683865
2026-06-09 02:45:00,298094.0,-1,299574.0,300298.0,-0.24109384677886633
2026-06-09 03:15:00,298094.0,-1,299594.0,300298.0,-0.23443379576287554
2026-06-09 05:45:00,298094.0,-1,299574.0,300298.0,-0.24109384677886633
2026-06-09 06:15:00,298094.0,-1,299574.0,300298.0,-0.24109384677886633
2026-06-09 06:45:00,298094.0,-1,299614.0,300298.0,-0.22777374474688478
2026-06-09 13:00:00,298094.0,-1,299634.0,300298.0,-0.22111369373089398
2026-06-09 13:30:00,298094.0,-1,299634.0,300298.0,-0.22111369373089398
2026-06-09 14:00:00,298094.0,-1,299674.0,300298.0,-0.20779359169891243
2026-06-09 14:30:00,298094.0,-1,299734.0,300298.0,-0.18781343865094008
2026-06-10 01:00:00,298094.0,-1,299834.0,300298.0,-0.15451318357098615
2026-06-10 01:30:00,298094.0,-1,299694.0,300298.0,-0.20113354068292166
2026-06-10 02:00:00,298094.0,-1,299674.0,300298.0,-0.20779359169891243
2026-06-10 02:45:00,298094.0,-1,299674.0,300298.0,-0.20779359169891243
2026-06-10 03:15:00,298094.0,-1,299654.0,300298.0,-0.21445364271490322
2026-06-10 05:45:00,298094.0,-1,299694.0,300298.0,-0.20113354068292166
2026-06-10 06:15:00,298094.0,-1,299674.0,300298.0,-0.20779359169891243
2026-06-10 06:45:00,298094.0,-1,299734.0,300298.0,-0.18781343865094008
2026-06-10 13:00:00,298094.0,-1,299694.0,300298.0,-0.20113354068292166
2026-06-10 13:30:00,298094.0,-1,299754.0,300298.0,-0.1811533876349493
2026-06-10 14:00:00,298094.0,-1,299734.0,300298.0,-0.18781343865094008
2026-06-10 14:30:00,298094.0,-1,299714.0,300298.0,-0.19447348966693084
2026-06-11 01:00:00,298094.0,-1,299814.0,300298.0,-0.16117323458697694
2026-06-11 01:30:00,298094.0,-1,299774.0,300298.0,-0.17449333661895852
2026-06-11 02:00:00,298094.0,-1,299854.0,300298.0,-0.14785313255499538
2026-06-11 02:45:00,298094.0,-1,299654.0,300298.0,-0.21445364271490322
2026-06-11 03:15:00,298094.0,-1,299634.0,300298.0,-0.22111369373089398
2026-06-11 05:45:00,298094.0,-1,299694.0,300298.0,-0.20113354068292166
2026-06-11 06:15:00,298094.0,-1,299674.0,300298.0,-0.20779359169891243
2026-06-11 06:45:00,298094.0,-1,299694.0,300298.0,-0.20113354068292166
2026-06-11 13:00:00,298094.0,-1,299714.0,300298.0,-0.19447348966693084
2026-06-11 13:30:00,298094.0,-1,299714.0,300298.0,-0.19447348966693084
2026-06-11 14:00:00,298094.0,-1,299754.0,300298.0,-0.1811533876349493
2026-06-11 14:30:00,298094.0,-1,299774.0,300298.0,-0.17449333661895852
2026-06-12 01:00:00,298094.0,-1,299794.0,300298.0,-0.1678332856029677
2026-06-12 01:30:00,298094.0,-1,299674.0,300298.0,-0.20779359169891243
2026-06-12 02:00:00,298094.0,-1,299714.0,300298.0,-0.19447348966693084
2026-06-12 02:45:00,298094.0,-1,299694.0,300298.0,-0.20113354068292166
2026-06-12 03:15:00,298094.0,-1,299734.0,300298.0,-0.18781343865094008
2026-06-12 05:45:00,298094.0,-1,299794.0,300298.0,-0.1678332856029677
2026-06-12 06:15:00,298094.0,-1,299814.0,300298.0,-0.16117323458697694
2026-06-12 06:45:00,298094.0,-1,299774.0,300298.0,-0.17449333661895852
2026-06-12 13:00:00,298094.0,-1,299414.0,300298.0,-0.2943742549067926
2026-06-12 13:30:00,298094.0,-1,299394.0,300298.0,-0.30103430592278335
2026-06-12 14:00:00,298094.0,-1,299374.0,300298.0,-0.3076943569387741
2026-06-12 14:30:00,298094.0,-1,299354.0,300298.0,-0.31435440795476494
2026-06-15 01:00:00,298094.0,-1,299434.0,300298.0,-0.28771420389080177
2026-06-15 01:30:00,298094.0,-1,299414.0,300298.0,-0.2943742549067926
2026-06-15 02:00:00,298094.0,-1,299254.0,300298.0,-0.34765466303471887
2026-06-15 02:45:00,298094.0,-1,299254.0,300298.0,-0.34765466303471887
2026-06-15 03:15:00,298094.0,-1,299234.0,300298.0,-0.35431471405070963
2026-06-15 05:45:00,298094.0,-1,299214.0,300298.0,-0.3609747650667004
2026-06-15 06:15:00,298094.0,-1,299254.0,300298.0,-0.34765466303471887
2026-06-15 06:45:00,298094.0,-1,299234.0,300298.0,-0.35431471405070963
2026-06-15 13:00:00,298094.0,-1,299294.0,300298.0,-0.3343345610027373
2026-06-15 13:30:00,298094.0,-1,299254.0,300298.0,-0.34765466303471887
2026-06-15 14:00:00,298094.0,-1,299314.0,300298.0,-0.3276745099867465
2026-06-15 14:30:00,298094.0,-1,299274.0,300298.0,-0.34099461201872805
2026-06-16 01:00:00,298094.0,-1,299374.0,300298.0,-0.3076943569387741
2026-06-16 01:30:00,298094.0,-1,299414.0,300298.0,-0.2943742549067926
2026-06-16 02:00:00,298094.0,-1,299414.0,300298.0,-0.2943742549067926
2026-06-16 02:45:00,298094.0,-1,299374.0,300298.0,-0.3076943569387741
2026-06-16 03:15:00,298094.0,-1,299474.0,300298.0,-0.27439410185882024
2026-06-16 05:45:00,298094.0,-1,299454.0,300298.0,-0.281054152874811
2026-06-16 06:15:00,298094.0,-1,299454.0,300298.0,-0.281054152874811
2026-06-16 06:45:00,298094.0,-1,299434.0,300298.0,-0.28771420389080177
2026-06-16 13:00:00,298094.0,-1,299354.0,300298.0,-0.31435440795476494
2026-06-16 13:30:00,298094.0,-1,299314.0,300298.0,-0.3276745099867465
2026-06-16 14:00:00,298094.0,-1,299454.0,300298.0,-0.281054152874811
2026-06-16 14:30:00,298094.0,-1,299434.0,300298.0,-0.28771420389080177
2026-06-17 01:00:00,298094.0,-1,299454.0,300298.0,-0.281054152874811
2026-06-17 01:30:00,298094.0,-1,299394.0,300298.0,-0.30103430592278335
2026-06-17 02:00:00,298094.0,-1,299434.0,300298.0,-0.28771420389080177
2026-06-17 02:45:00,298094.0,-1,299434.0,300298.0,-0.28771420389080177
2026-06-17 03:15:00,298094.0,-1,299474.0,300298.0,-0.27439410185882024
2026-06-17 05:45:00,298094.0,-1,299414.0,300298.0,-0.2943742549067926
2026-06-17 06:15:00,298094.0,-1,299594.0,300298.0,-0.23443379576287554
2026-06-17 06:45:00,298094.0,-1,299594.0,300298.0,-0.23443379576287554
2026-06-17 13:00:00,298094.0,-1,299674.0,300298.0,-0.20779359169891243
2026-06-17 13:30:00,298094.0,-1,299734.0,300298.0,-0.18781343865094008
2026-06-17 14:00:00,298094.0,-1,299714.0,300298.0,-0.19447348966693084
2026-06-17 14:30:00,298094.0,-1,299754.0,300298.0,-0.1811533876349493
2026-06-18 01:00:00,298094.0,-1,299694.0,300298.0,-0.20113354068292166
2026-06-18 01:30:00,298094.0,-1,299714.0,300298.0,-0.19447348966693084
2026-06-18 02:00:00,298094.0,-1,299734.0,300298.0,-0.18781343865094008
2026-06-18 02:45:00,298094.0,-1,299774.0,300298.0,-0.17449333661895852
2026-06-18 03:15:00,298094.0,-1,299794.0,300298.0,-0.1678332856029677
2026-06-18 05:45:00,298094.0,-1,299954.0,300298.0,-0.11455287747504148
2026-06-18 06:15:00,298094.0,-1,299954.0,300298.0,-0.11455287747504148
2026-06-18 06:45:00,298094.0,-1,299954.0,300298.0,-0.11455287747504148
2026-06-22 01:00:00,298094.0,-1,299874.0,300298.0,-0.1411930815390046
2026-06-22 01:30:00,298094.0,-1,299914.0,300298.0,-0.12787297950702303
2026-06-22 02:00:00,298094.0,-1,299954.0,300298.0,-0.11455287747504148
2026-06-22 02:45:00,298094.0,-1,299994.0,300298.0,-0.10123277544305989
2026-06-22 03:15:00,298094.0,-1,299914.0,300298.0,-0.12787297950702303
2026-06-22 05:45:00,298094.0,-1,299994.0,300298.0,-0.10123277544305989
2026-06-22 06:15:00,298094.0,-1,300014.0,300298.0,-0.09457272442706911
2026-06-22 06:45:00,298094.0,-1,299974.0,300298.0,-0.10789282645905067
2026-06-22 13:00:00,298094.0,-1,300154.0,300298.0,-0.04795236731513364
2026-06-22 13:30:00,298094.0,-1,300154.0,300298.0,-0.04795236731513364
2026-06-22 14:00:00,298094.0,-1,300134.0,300298.0,-0.054612418331124415
2026-06-22 14:30:00,298094.0,-1,300134.0,300298.0,-0.054612418331124415
2026-06-23 01:00:00,298094.0,-1,300014.0,300298.0,-0.09457272442706911
2026-06-23 01:30:00,298094.0,-1,300074.0,300298.0,-0.07459257137909676
2026-06-23 02:00:00,298094.0,-1,300134.0,300298.0,-0.054612418331124415
2026-06-23 02:45:00,298094.0,-1,300194.0,300298.0,-0.034632265283152074
2026-06-23 03:15:00,298094.0,-1,300194.0,300298.0,-0.034632265283152074
2026-06-23 05:45:00,298094.0,-1,300214.0,300298.0,-0.027972214267161285
2026-06-23 06:15:00,298094.0,-1,300194.0,300298.0,-0.034632265283152074
2026-06-23 06:45:00,298094.0,-1,300174.0,300298.0,-0.04129231629914285
2026-06-23 13:00:00,298094.0,-1,300194.0,300298.0,-0.034632265283152074
2026-06-23 13:30:00,298094.0,-1,300154.0,300298.0,-0.04795236731513364
2026-06-23 14:00:00,298094.0,-1,300114.0,300298.0,-0.061272469347115194
2026-06-23 14:30:00,298094.0,-1,300134.0,300298.0,-0.054612418331124415
2026-06-24 01:00:00,298094.0,-1,300114.0,300298.0,-0.061272469347115194
2026-06-24 01:30:00,298094.0,-1,300094.0,300298.0,-0.06793252036310597
2026-06-24 02:00:00,298094.0,-1,299954.0,300298.0,-0.11455287747504148
2026-06-24 02:45:00,298094.0,-1,299934.0,300298.0,-0.12121292849103225
2026-06-24 03:15:00,298094.0,-1,299994.0,300298.0,-0.10123277544305989
2026-06-24 05:45:00,298094.0,-1,300014.0,300298.0,-0.09457272442706911
2026-06-24 06:15:00,298094.0,-1,300054.0,300298.0,-0.08125262239508754
2026-06-24 06:45:00,298094.0,-1,300054.0,300298.0,-0.08125262239508754
2026-06-24 13:00:00,298094.0,-1,299954.0,300298.0,-0.11455287747504148
2026-06-24 13:30:00,298094.0,-1,299914.0,300298.0,-0.12787297950702303
2026-06-24 14:00:00,298094.0,-1,299954.0,300298.0,-0.11455287747504148
2026-06-24 14:30:00,298094.0,-1,300014.0,300298.0,-0.09457272442706911
2026-06-25 01:00:00,298094.0,-1,299954.0,300298.0,-0.11455287747504148
2026-06-25 01:30:00,298094.0,-1,299954.0,300298.0,-0.11455287747504148
2026-06-25 02:00:00,298094.0,-1,299974.0,300298.0,-0.10789282645905067
2026-06-25 02:45:00,298094.0,-1,299974.0,300298.0,-0.10789282645905067
2026-06-25 03:15:00,298094.0,-1,300054.0,300298.0,-0.08125262239508754
2026-06-25 05:45:00,298094.0,-1,299994.0,300298.0,-0.10123277544305989
2026-06-25 06:15:00,298094.0,-1,300094.0,300298.0,-0.06793252036310597
2026-06-25 06:45:00,298094.0,-1,300014.0,300298.0,-0.09457272442706911
2026-06-25 13:00:00,298094.0,-1,300054.0,300298.0,-0.08125262239508754
2026-06-25 13:30:00,298094.0,-1,300054.0,300298.0,-0.08125262239508754
2026-06-25 14:00:00,298094.0,-1,300074.0,300298.0,-0.07459257137909676
2026-06-25 14:30:00,298094.0,-1,300094.0,300298.0,-0.06793252036310597
2026-06-26 01:00:00,298094.0,-1,300114.0,300298.0,-0.061272469347115194
2026-06-26 01:30:00,298094.0,-1,300034.0,300298.0,-0.08791267341107832
2026-06-26 02:00:00,298094.0,-1,300094.0,300298.0,-0.06793252036310597
2026-06-26 02:45:00,298094.0,-1,300134.0,300298.0,-0.054612418331124415
2026-06-26 03:15:00,298094.0,-1,300114.0,300298.0,-0.061272469347115194
2026-06-26 05:45:00,298094.0,-1,300114.0,300298.0,-0.061272469347115194
2026-06-26 06:15:00,298094.0,-1,300174.0,300298.0,-0.04129231629914285
2026-06-26 06:45:00,298094.0,-1,300154.0,300298.0,-0.04795236731513364
2026-06-26 13:00:00,298094.0,-1,300154.0,300298.0,-0.04795236731513364
2026-06-26 13:30:00,298094.0,-1,300054.0,300298.0,-0.08125262239508754
2026-06-26 14:00:00,298094.0,-1,300034.0,300298.0,-0.08791267341107832
2026-06-26 14:30:00,298094.0,-1,299994.0,300298.0,-0.10123277544305989
2026-06-29 01:00:00,298094.0,-1,300074.0,300298.0,-0.07459257137909676
2026-06-29 01:30:00,298094.0,-1,300114.0,300298.0,-0.061272469347115194
2026-06-29 02:00:00,298094.0,-1,300114.0,300298.0,-0.061272469347115194
2026-06-29 02:45:00,298094.0,-1,300054.0,300298.0,-0.08125262239508754
2026-06-29 03:15:00,298094.0,-1,300054.0,300298.0,-0.08125262239508754
2026-06-29 05:45:00,298094.0,-1,299994.0,300298.0,-0.10123277544305989
2026-06-29 06:15:00,298094.0,-1,299934.0,300298.0,-0.12121292849103225
2026-06-29 06:45:00,298094.0,-1,299954.0,300298.0,-0.11455287747504148
2026-06-29 13:00:00,298094.0,-1,300174.0,300298.0,-0.04129231629914285
2026-06-29 13:30:00,298094.0,-1,300194.0,300298.0,-0.034632265283152074
2026-06-29 14:00:00,298094.0,-1,300174.0,300298.0,-0.04129231629914285
2026-06-29 14:30:00,298094.0,-1,300194.0,300298.0,-0.034632265283152074
2026-06-30 01:00:00,298094.0,-1,300154.0,300298.0,-0.04795236731513364
2026-06-30 01:30:00,298094.0,-1,300174.0,300298.0,-0.04129231629914285
2026-06-30 02:00:00,298094.0,-1,300034.0,300298.0,-0.08791267341107832
2026-06-30 02:45:00,298094.0,-1,300014.0,300298.0,-0.09457272442706911
2026-06-30 03:15:00,298094.0,-1,300034.0,300298.0,-0.08791267341107832
2026-06-30 05:45:00,298094.0,-1,300034.0,300298.0,-0.08791267341107832
2026-06-30 06:15:00,298094.0,-1,300054.0,300298.0,-0.08125262239508754
2026-06-30 06:45:00,298094.0,-1,300014.0,300298.0,-0.09457272442706911
2026-06-30 13:00:00,298094.0,-1,300194.0,300298.0,-0.034632265283152074
2026-06-30 13:30:00,298094.0,-1,300234.0,300298.0,-0.021312163251170503
2026-06-30 14:00:00,298094.0,-1,300194.0,300298.0,-0.034632265283152074
2026-06-30 14:30:00,298094.0,-1,300234.0,300298.0,-0.021312163251170503
